day_of_week,population_density,event_day,current_fill_level,hours_until_full
6,3,0,74,7.45
4,4,0,75,10.47
5,4,0,8,35.31
4,3,1,27,21.91
0,2,0,65,18.80
3,9,0,3,34.98
5,8,0,74,0.50
6,5,1,29,15.14
6,9,0,69,3.34
0,3,0,78,11.55
6,10,0,20,21.46
1,9,0,75,6.22
2,3,0,24,34.89
2,10,0,0,33.67
4,4,1,75,1.05
2,4,0,19,33.76
5,10,0,1,28.53
3,5,0,56,17.82
6,3,0,30,25.44
2,10,1,34,8.94
1,8,0,46,19.30
6,4,0,27,25.75
5,1,0,8,36.42
3,8,0,35,21.31
4,5,0,12,36.91
3,4,0,25,30.09
0,5,0,41,24.51
1,8,0,50,17.59
0,3,0,36,27.56
1,7,0,38,23.47
6,5,0,74,4.34
5,6,0,62,7.46
1,2,0,31,31.99
5,5,0,4,35.01
6,7,0,54,12.75
0,1,0,60,21.69
5,3,0,54,15.54
6,1,1,46,12.19
5,5,0,31,21.64
1,1,0,31,33.20
6,1,1,1,29.24
4,1,0,68,20.73
2,7,0,9,32.44
6,3,0,39,23.66
4,2,1,29,21.69
2,4,0,34,26.63
1,9,0,31,24.08
1,4,0,75,10.90
1,2,0,42,28.00
1,8,0,47,17.78
3,1,0,26,36.29
2,1,0,45,26.72
1,9,0,56,12.53
6,10,0,26,16.49
2,6,0,58,16.39
0,6,0,28,27.21
6,7,0,52,13.56
0,4,1,16,26.94
2,2,0,7,41.57
4,7,0,19,28.52
0,8,0,77,3.38
3,3,0,11,37.31
3,5,0,62,14.09
4,8,0,33,22.90
1,1,0,68,20.42
4,7,0,48,19.81
3,6,1,22,20.82
1,1,0,26,36.03
5,7,0,47,14.11
3,10,0,11,27.83
2,1,0,33,33.53
0,8,0,29,24.89
4,9,0,73,7.26
0,5,0,51,19.54
6,2,0,2,39.50
2,6,0,78,6.40
0,3,0,67,15.49
1,6,0,68,12.32
4,5,0,4,39.34
2,8,0,58,13.24
3,6,0,49,21.29
2,5,0,49,21.58
2,6,0,65,12.12
6,9,0,65,1.67
2,6,0,53,17.41
3,9,0,18,28.53
0,8,0,20,28.76
4,7,0,77,5.87
5,6,0,73,3.62
3,9,0,55,14.09
3,10,0,11,28.44
0,2,0,56,23.81
0,1,0,63,19.50
6,7,0,74,4.63
4,2,0,1,44.79
3,1,0,68,18.39
3,3,0,34,29.85
5,10,0,63,1.76
0,6,0,5,37.17
1,1,0,6,45.38
0,10,0,74,4.74
6,10,0,46,10.28
1,3,0,46,23.35
0,7,0,29,24.32
1,7,0,62,12.63
5,4,0,49,17.88
5,6,0,16,26.98
3,2,0,18,38.93
2,1,0,33,35.29
1,10,0,31,22.21
2,6,1,5,26.61
0,7,0,64,10.67
5,9,0,11,25.98
0,9,0,55,10.59
6,5,0,64,8.18
2,10,0,25,23.27
6,2,0,23,32.05
0,3,0,73,13.37
6,8,0,71,1.93
0,1,0,19,40.49
4,2,0,0,45.13
3,7,0,5,35.99
5,9,0,66,2.74
2,9,0,35,18.90
2,4,0,56,19.13
5,8,0,17,25.33
0,6,0,20,30.72
0,2,0,6,41.49
3,9,0,70,5.37
6,6,0,0,32.12
5,4,0,4,34.46
6,1,0,11,35.25
5,4,0,46,17.44
1,4,0,3,40.26
4,4,0,60,19.92
3,4,0,63,16.67
5,4,0,72,6.33
3,3,0,36,27.67
6,8,0,24,20.05
6,9,0,8,28.28
3,1,0,75,16.15
0,9,1,47,5.33
5,1,0,64,14.82
5,5,0,7,32.58
3,8,1,37,13.00
0,2,0,9,43.32
6,2,0,13,33.00
0,5,0,54,18.49
2,10,0,34,18.04
0,4,0,72,14.33
0,7,1,17,21.28
2,1,0,38,30.28
5,3,0,21,30.05
5,7,0,15,28.32
2,5,0,72,12.04
2,5,0,0,42.01
1,4,0,19,36.01
0,6,0,15,33.46
1,4,0,6,38.16
2,9,0,69,5.16
6,6,0,18,25.91
6,10,1,38,1.95
6,1,0,2,41.23
3,1,0,76,17.73
2,7,0,2,34.79
5,3,0,6,37.09
3,7,0,24,27.63
1,1,0,30,34.86
2,4,0,34,28.61
5,7,0,63,7.13
0,9,0,14,30.00
1,3,0,9,41.48
4,9,0,5,32.36
6,7,0,52,9.75
5,5,0,40,18.97
2,7,0,13,31.03
1,1,0,25,36.66
2,6,0,1,40.42
0,5,0,7,39.65
5,6,0,27,23.73
0,7,0,13,31.33
2,3,0,28,33.27
6,7,0,75,3.36
3,3,1,2,31.89
3,7,0,78,7.97
2,2,0,21,37.22
1,6,0,2,39.21
4,8,0,71,8.94
1,3,0,79,12.10
1,8,0,79,5.53
1,9,0,34,20.35
6,2,0,25,28.53
0,9,0,60,10.43
4,1,0,20,37.25
3,5,0,51,20.86
3,9,0,60,10.67
2,9,0,50,14.36
5,1,0,2,40.29
0,1,0,16,38.86
6,7,0,30,19.66
2,6,0,2,36.92
5,9,0,58,6.90
3,2,0,59,23.15
0,3,0,74,14.15
2,10,0,25,22.97
1,1,0,26,35.04
6,6,0,32,22.25
5,8,0,66,6.24
6,2,0,52,21.08
3,4,0,3,40.68
2,1,0,21,37.29
6,4,0,59,14.43
5,9,0,4,28.41
0,10,0,61,8.80
6,10,0,24,17.15
4,4,0,74,13.31
5,9,0,74,0.50
0,6,0,40,24.82
4,2,0,8,42.14
6,3,0,6,34.43
6,4,0,31,25.64
2,9,0,17,28.49
6,7,0,25,22.02
3,8,0,28,24.13
6,4,0,45,17.47
0,7,0,54,16.18
6,8,0,37,15.15
5,3,0,74,8.96
5,10,0,19,20.13
2,10,0,75,2.38
3,8,0,36,22.54
1,3,0,33,31.70
4,1,0,19,39.71
2,9,0,48,16.27
2,6,0,2,38.53
5,2,0,42,23.48
0,9,0,43,18.13
3,9,0,55,11.75
6,10,0,66,2.09
2,7,0,43,19.89
2,1,0,43,27.68
5,7,0,0,33.88
2,4,0,77,10.03
1,4,1,67,4.28
6,10,0,39,11.15
6,8,0,77,0.50
3,6,0,53,17.29
6,8,1,47,0.94
5,1,1,0,31.82
0,10,0,64,5.48
2,9,1,51,4.54
5,10,1,47,0.50
4,8,0,66,8.85
2,2,0,59,21.78
1,8,1,39,11.23
0,4,0,75,13.17
5,3,0,13,33.79
1,6,0,76,9.33
6,10,0,2,27.85
6,6,0,34,19.44
0,3,0,38,29.10
3,6,0,76,7.46
3,6,0,46,21.23
3,7,0,62,11.28
5,2,0,2,38.08
0,5,0,19,30.91
5,10,0,52,7.06
5,2,0,55,18.80
5,1,0,34,26.55
5,10,0,37,11.40
5,9,0,46,10.68
6,9,0,12,24.97
5,6,0,22,24.35
3,5,1,31,19.08
0,7,0,34,23.93
0,6,0,36,24.43
6,8,0,22,22.46
6,10,1,41,2.74
1,1,0,66,21.60
5,5,0,38,18.80
0,7,0,21,29.16
0,8,0,23,24.99
3,9,0,48,16.02
0,1,0,40,30.16
0,5,0,7,37.92
6,5,0,5,32.96
5,5,0,73,5.58
5,4,0,4,34.63
0,1,0,27,36.49
6,9,0,63,3.48
0,4,1,42,16.97
0,6,0,74,10.51
1,2,0,43,28.19
3,9,0,76,4.80
1,2,0,16,37.21
1,1,0,26,36.44
1,5,0,59,17.19
3,6,0,13,35.07
6,6,0,54,13.68
2,1,0,13,41.67
4,4,0,69,12.76
5,1,0,53,21.81
4,4,0,8,37.09
3,9,1,40,7.40
5,2,1,61,7.12
5,8,1,45,2.87
1,8,0,25,26.42
4,1,0,21,36.50
2,8,0,33,22.32
2,7,0,37,21.51
2,4,0,21,32.75
3,2,0,30,34.93
2,6,0,4,38.31
2,10,0,42,15.02
6,10,0,61,3.90
6,5,0,45,16.71
2,9,0,11,29.37
5,5,0,48,17.57
1,2,0,39,27.85
3,6,0,70,9.27
4,2,0,5,41.65
2,4,1,77,0.91
5,9,1,40,3.42
6,6,0,73,5.03
3,10,0,70,3.10
1,7,0,47,17.58
0,2,0,47,26.51
3,3,0,35,29.27
4,7,0,36,21.50
5,9,0,58,7.94
3,6,0,59,15.43
3,3,0,6,41.80
2,8,0,1,35.55
4,6,0,59,15.90
4,8,0,28,25.22
2,3,0,31,32.97
5,3,0,26,26.39
0,2,0,4,41.72
0,2,0,27,33.83
3,4,0,16,36.06
0,6,0,26,29.18
4,7,1,42,10.67
3,5,0,35,27.96
0,10,0,27,23.39
3,1,0,14,39.34
2,3,0,22,32.81
5,6,0,0,33.29
5,8,0,52,10.18
3,9,0,61,8.32
4,2,0,22,36.68
5,4,0,60,12.40
1,7,1,7,24.91
6,3,0,60,14.21
3,4,0,23,31.88
2,8,0,7,31.35
1,8,1,37,10.44
1,10,0,36,17.59
1,3,1,22,23.48
0,3,0,63,19.17
2,5,0,59,18.27
3,2,0,11,39.35
2,1,0,29,34.20
5,10,0,9,25.02
4,10,0,36,16.61
5,10,0,29,18.29
2,5,0,77,9.82
4,6,0,76,7.07
2,1,0,32,35.44
2,5,0,17,32.60
3,7,0,72,7.77
5,4,0,30,26.91
1,1,0,15,41.29
0,3,0,19,34.43
0,5,0,74,11.29
4,1,0,21,36.67
3,4,0,65,17.39
1,1,0,40,28.63
0,1,0,69,16.92
3,8,0,41,20.48
2,1,0,62,22.25
6,4,0,10,33.36
6,8,0,23,23.66
0,1,1,46,20.07
2,5,1,12,26.11
2,4,0,50,21.35
2,9,0,68,7.62
5,1,0,0,43.01
4,6,0,43,20.89
0,4,0,51,22.78
6,10,0,70,0.50
0,4,0,13,36.81
1,6,0,48,18.54
3,8,0,38,21.30
0,9,0,51,15.18
3,2,0,18,36.98
6,6,0,8,30.21
4,9,0,29,24.14
5,10,0,75,0.50
0,9,0,9,30.29
4,1,0,59,24.46
0,1,0,8,41.97
0,5,1,48,12.96
3,8,0,55,12.25
2,9,1,75,0.50
1,8,0,1,35.64
2,2,0,40,28.36
1,10,0,68,5.95
1,2,0,44,29.07
3,8,0,25,27.13
0,5,0,36,24.78
4,4,0,1,40.86
6,1,0,33,29.27
4,1,0,40,28.62
1,3,0,14,36.11
5,5,0,60,9.70
0,9,0,36,20.21
6,2,1,54,7.04
0,6,0,23,30.88
3,1,0,75,18.44
2,4,1,41,16.15
1,5,0,49,20.01
1,4,0,59,18.58
5,3,0,44,21.25
5,3,0,3,35.97
0,10,0,38,16.22
4,1,0,49,26.82
6,8,0,8,29.15
6,8,0,47,12.21
2,8,0,28,22.93
0,9,0,47,17.31
6,3,1,45,8.52
1,8,0,65,10.50
4,2,0,24,36.48
6,9,0,69,1.59
5,6,1,39,7.17
0,2,0,10,40.48
3,8,0,76,5.47
5,3,0,65,10.85
5,8,1,67,0.50
0,10,0,63,5.85
5,8,0,76,0.50
1,7,0,51,16.72
4,7,0,20,30.76
6,1,0,54,20.01
5,10,0,18,20.52
4,10,0,60,8.44
4,3,0,56,20.06
2,3,0,15,39.49
2,8,0,31,22.53
0,5,1,46,10.67
6,1,0,19,34.88
1,1,1,7,32.40
1,9,1,74,0.50
3,2,0,0,46.49
5,5,1,38,9.07
6,2,0,13,34.38
3,4,0,9,39.56
5,9,1,35,5.95
2,10,0,49,14.12
3,1,1,56,15.77
0,3,0,34,29.51
6,1,0,8,38.89
6,2,0,37,25.84
2,3,0,19,36.69
0,10,0,32,20.49
0,6,0,37,24.97
1,4,0,11,38.41
4,1,0,71,18.28
0,1,0,36,33.28
2,8,0,20,27.10
0,9,0,72,6.98
0,5,0,63,14.05
5,8,0,66,2.89
5,10,0,72,1.18
2,9,0,13,28.71
4,7,0,67,9.66
5,7,0,3,31.79
5,2,0,42,25.13
3,6,1,48,9.69
3,8,0,16,28.17
6,4,0,14,32.86
6,3,0,73,10.66
3,5,0,37,24.23
0,5,0,52,18.72
2,5,0,1,38.74
4,10,0,37,16.63
5,6,0,11,29.41
2,1,0,66,22.06
4,7,0,66,10.95
5,1,0,70,13.21
5,6,0,43,14.87
4,4,0,71,15.03
1,6,0,1,39.94
5,5,0,36,19.12
1,7,0,34,25.76
0,10,0,60,10.53
4,2,0,53,23.23
1,1,0,38,33.10
4,10,1,66,0.50
5,8,1,1,21.92
4,7,0,23,26.97
1,2,0,2,43.39
4,3,0,73,12.68
3,6,0,18,31.76
3,4,0,13,38.32
0,4,0,70,13.34
0,5,0,75,11.08
6,7,0,27,20.37
6,9,0,57,7.18
0,8,0,57,13.77
2,10,0,78,1.33
2,3,1,13,30.19
4,3,1,64,8.16
5,6,0,54,13.30
0,2,0,43,26.98
6,6,0,35,21.54
2,1,0,42,28.08
1,10,0,42,14.27
4,10,0,61,6.89
6,7,0,23,21.70
6,4,0,2,34.79
2,10,0,66,6.18
1,2,0,55,24.97
4,6,0,5,37.72
1,7,1,6,25.83
3,6,0,43,21.20
2,3,1,38,19.78
5,2,0,0,38.31
5,6,0,2,32.21
6,7,0,72,5.52
2,2,0,4,41.57
1,7,0,50,18.45
6,2,1,67,1.73
3,7,0,11,31.83
2,5,0,6,36.59
2,10,0,53,11.41
5,3,0,42,20.81
1,2,0,68,17.47
2,7,0,28,25.82
2,9,0,37,21.04
1,8,0,5,34.70
1,6,0,72,10.55
5,6,0,29,24.13
6,8,0,16,25.84
2,9,0,0,34.76
0,5,0,65,16.08
6,10,0,73,0.50
6,2,0,73,10.21
4,4,0,54,18.88
3,9,0,73,5.69
5,9,0,51,10.26
6,7,0,31,18.38
5,2,1,2,29.77
0,1,0,32,33.70
5,2,0,16,33.98
1,7,0,1,35.78
0,1,0,76,17.06
0,9,0,61,9.23
5,7,1,10,16.98
6,6,1,49,3.86
5,10,0,65,0.50
5,2,0,77,9.31
3,9,0,27,23.31
5,6,1,57,0.50
4,7,0,0,38.24
0,5,0,3,39.61
3,1,0,54,25.14
1,5,1,0,31.11
4,2,0,11,40.15
3,7,0,68,8.54
6,7,0,27,21.64
4,3,0,39,26.91
4,2,0,57,21.13
2,1,0,51,24.37
5,7,0,26,21.06
6,1,0,8,40.02
6,10,0,47,11.02
0,3,0,1,41.62
5,3,0,70,10.37
2,5,1,20,22.47
2,6,0,69,10.34
5,7,0,30,18.71
0,10,1,37,9.29
4,5,0,52,20.23
2,2,0,16,39.86
2,2,0,67,16.99
2,5,0,18,32.36
0,2,0,37,31.69
3,10,0,61,7.94
6,2,0,60,14.76
2,1,0,7,45.39
3,6,0,2,37.76
6,2,0,20,31.52
1,10,0,26,21.92
4,5,0,76,9.95
1,3,0,13,40.26
4,1,0,39,32.02
2,8,0,55,14.85
3,4,0,43,22.88
1,3,0,67,15.44
5,6,0,76,2.65
6,2,0,28,29.25
4,2,0,67,17.66
4,6,0,5,36.17
1,8,0,16,27.93
3,9,1,60,0.50
5,5,0,37,20.70
1,4,1,58,7.87
2,6,0,0,37.19
1,1,0,68,19.39
2,9,1,60,1.21
0,3,0,58,21.01
3,9,0,7,31.79
0,5,0,39,24.47
4,7,0,35,25.12
5,5,0,61,10.92
1,8,0,30,24.84
4,9,0,6,33.24
0,2,0,38,30.83
0,5,0,14,33.75
2,1,0,8,41.94
1,2,0,10,39.79
2,1,0,79,12.91
2,8,0,58,14.56
0,10,0,19,25.27
6,5,0,69,8.48
0,1,0,63,22.98
5,2,0,62,15.38
3,7,0,71,9.04
0,8,0,75,4.81
5,6,0,45,14.81
3,1,0,30,35.24
0,6,0,2,38.15
6,5,0,49,17.88
3,9,0,43,18.48
5,3,0,18,33.23
3,8,0,6,34.80
6,1,0,76,11.68
2,2,0,29,34.70
5,4,0,1,38.51
4,2,0,34,31.20
4,1,0,73,17.73
6,8,0,12,24.44
5,9,0,65,4.50
3,7,0,42,19.65
1,8,1,59,1.03
4,10,0,57,9.46
5,8,1,53,1.37
6,9,0,44,11.28
3,3,0,17,38.13
0,4,1,72,4.74
1,8,0,61,10.04
6,5,1,44,8.95
5,9,1,52,0.50
5,9,0,69,2.83
2,8,0,33,23.80
1,8,0,66,8.42
5,5,0,32,21.51
3,2,0,47,28.18
5,5,0,48,14.89
2,9,1,0,26.29
4,2,0,78,14.93
5,10,0,71,0.82
0,7,0,9,32.88
6,7,0,10,27.12
5,8,0,30,17.32
5,2,0,44,22.64
4,2,0,56,22.10
5,1,1,27,21.11
0,1,0,30,34.05
3,5,0,37,26.51
5,6,0,18,27.43
1,3,0,43,24.80
4,5,0,29,26.93
6,3,0,64,13.04
5,1,0,1,39.79
3,2,0,55,23.76
6,2,0,55,18.57
2,10,0,60,8.75
5,7,0,34,20.04
2,6,0,12,32.92
0,4,0,63,16.16
4,9,0,28,24.81
2,4,0,42,26.75
2,3,0,41,28.27
3,5,0,38,25.42
3,6,0,56,15.96
0,3,0,45,25.13
2,5,0,73,12.84
0,9,1,17,17.24
2,4,0,0,41.62
1,10,0,16,24.77
6,1,0,16,35.54
6,6,0,73,6.38
2,8,0,24,27.68
4,1,0,57,23.30
0,9,0,76,3.91
0,3,0,52,21.89
5,1,0,17,35.03
2,3,1,78,0.72
5,9,0,32,18.54
4,8,0,79,4.81
0,6,0,12,33.40
4,8,0,7,34.45
2,4,0,17,33.92
5,5,0,62,8.79
5,3,0,47,21.16
5,5,0,62,10.92
4,4,0,46,25.38
0,1,0,23,37.02
4,5,1,71,3.22
5,9,0,53,9.02
4,9,0,61,12.08
6,10,0,54,5.96
6,9,0,65,3.58
5,1,0,62,15.53
4,4,0,6,41.54
5,1,0,67,13.18
3,1,1,17,28.00
2,4,0,15,35.06
6,4,0,23,27.76
4,3,0,64,16.38
5,4,1,38,12.16
5,7,0,32,20.99
1,4,1,24,20.79
1,8,0,50,15.25
3,1,0,65,19.96
3,10,0,2,30.99
0,3,0,35,30.18
4,9,0,57,9.88
1,5,0,4,38.00
5,10,0,62,4.62
3,4,0,66,15.45
0,3,0,51,22.30
3,6,0,70,11.70
0,10,1,54,3.14
6,3,0,20,32.11
4,5,0,42,22.70
5,1,0,23,30.35
0,3,0,55,23.39
6,7,0,51,13.52
4,1,0,7,43.27
0,5,0,25,29.49
3,9,0,22,25.76
6,10,0,9,25.22
6,5,0,5,35.15
0,8,0,40,21.04
2,2,0,38,30.27
1,1,0,44,27.21
4,8,0,2,33.24
0,5,0,27,29.48
5,9,0,74,0.50
6,3,0,54,15.74
6,6,0,6,33.41
5,4,0,0,38.08
2,3,0,25,33.82
3,2,0,69,17.83
0,7,0,2,34.77
5,6,0,12,28.38
1,5,0,69,12.46
6,1,0,47,23.30
5,3,0,50,19.24
5,7,0,70,4.45
6,2,0,47,22.48
5,9,1,3,19.60
0,10,1,2,20.45
3,7,0,31,23.19
5,2,0,44,22.44
0,2,0,6,42.82
1,3,0,73,16.01
3,7,0,0,35.99
2,5,0,15,36.41
0,7,0,26,26.58
2,10,0,60,7.39
6,3,0,58,13.80
4,8,0,29,23.93
5,6,0,35,21.77
3,4,0,76,11.31
0,9,0,4,33.93
6,1,0,23,33.89
2,8,0,73,8.71
3,1,0,23,39.22
2,7,0,24,27.10
3,5,0,13,36.52
6,6,0,37,19.98
0,6,0,2,39.99
3,3,0,73,12.64
3,8,0,34,21.51
3,9,0,15,29.44
5,3,0,34,25.65
0,6,1,59,3.74
5,1,0,60,15.63
0,4,0,78,8.98
3,10,0,79,0.50
5,2,0,41,24.30
2,5,0,42,23.76
1,2,0,72,15.13
3,4,0,61,17.46
3,8,0,55,13.94
4,8,0,24,26.88
4,9,0,6,31.63
6,9,0,36,16.58
3,4,0,32,29.48
4,8,0,38,20.20
5,1,0,72,11.60
6,3,0,40,21.89
1,9,1,71,0.50
2,2,1,6,34.15
1,7,0,5,35.32
5,1,0,42,23.97
2,9,0,12,29.02
0,5,0,34,26.84
5,10,0,40,12.95
6,6,0,68,8.53
5,7,0,30,19.50
0,8,0,73,5.52
0,1,0,4,44.28
2,10,0,62,8.03
2,8,0,19,28.50
0,10,0,66,6.03
5,6,0,2,31.77
6,8,0,69,4.23
6,10,0,12,21.81
6,9,0,66,4.71
0,7,0,70,10.70
6,8,0,55,7.46
4,1,0,16,40.60
4,2,0,11,39.85
0,6,0,7,38.09
5,2,0,44,22.45
4,6,0,0,38.19
4,9,0,41,17.25
2,1,0,32,32.89
3,2,0,21,35.02
2,4,0,14,34.61
1,10,0,24,23.24
6,2,0,23,29.54
3,1,0,68,17.64
6,9,0,74,0.50
4,1,0,44,27.21
0,7,0,67,8.91
2,5,1,62,7.01
2,5,0,35,26.14
2,3,0,75,14.92
0,2,0,41,28.76
3,8,0,66,10.35
0,10,0,56,12.40
2,7,0,17,32.41
2,1,0,41,29.24
4,3,0,38,27.81
5,2,0,59,18.31
5,6,1,54,3.43
3,6,0,35,23.48
1,4,0,62,16.40
2,8,0,72,5.38
3,6,0,72,9.99
0,2,0,71,17.95
0,4,0,22,34.82
2,9,0,26,25.31
5,1,0,66,16.78
6,4,0,58,13.36
0,7,1,74,0.50
4,6,0,41,20.64
5,2,0,69,13.67
2,3,0,34,30.10
0,10,0,63,6.57
1,6,0,15,31.16
3,2,0,75,13.74
3,3,0,63,17.59
2,6,0,75,8.12
6,3,0,24,30.58
5,5,0,76,6.58
5,1,0,15,36.42
1,4,0,13,35.62
2,5,0,24,32.46
5,6,0,65,6.80
3,9,1,77,0.50
4,5,0,3,40.01
3,4,0,75,12.06
0,4,1,24,24.18
1,6,0,41,22.29
6,2,0,49,19.61
6,9,1,52,0.50
3,3,0,19,36.16
0,4,0,75,11.88
6,6,0,70,5.51
1,5,0,11,37.81
5,6,0,25,24.83
4,3,0,70,13.91
6,4,0,55,16.83
4,2,0,65,20.46
1,3,0,9,39.09
2,2,0,31,33.37
5,1,0,74,12.96
1,7,0,76,9.00
1,10,0,34,18.26
4,6,0,69,10.07
5,6,0,18,27.97
0,8,1,49,7.73
3,8,0,79,5.14
2,7,0,67,12.28
2,8,0,32,22.70
4,1,0,57,24.20
0,7,0,63,14.24
3,3,1,20,24.47
1,5,0,14,36.09
5,8,0,12,27.74
5,9,1,51,0.50
1,4,0,74,14.21
5,6,0,47,13.96
0,7,0,7,34.34
1,2,0,64,19.01
2,4,0,77,12.29
3,9,1,52,4.96
6,6,0,7,32.44
3,9,0,15,27.79
4,6,0,79,8.66
2,8,0,24,25.84
2,7,0,54,16.04
2,4,0,17,33.87
5,3,0,69,12.86
1,2,0,65,19.29
2,2,0,40,29.82
4,2,0,58,23.33
0,6,1,52,8.17
6,5,0,57,12.30
3,6,0,4,39.02
4,9,1,64,0.50
1,5,0,64,13.63
3,9,0,65,7.36
4,8,0,37,22.98
3,1,0,23,37.95
1,9,0,39,17.37
2,3,0,41,28.89
2,1,1,16,31.21
2,6,0,5,37.49
3,5,0,35,26.78
4,10,1,63,0.50
2,7,0,62,13.04
4,9,0,79,4.21
6,1,0,67,13.33
4,2,0,37,31.81
1,5,0,12,36.69
4,4,0,49,22.42
5,10,0,69,2.08
2,1,0,14,39.74
2,6,0,54,16.88
5,8,0,60,5.44
0,9,0,73,3.80
3,5,0,46,21.08
2,3,0,29,32.15
4,10,0,3,31.03
4,7,0,57,16.20
5,8,0,3,29.40
0,3,0,41,29.01
3,2,0,73,15.59
6,3,0,16,30.78
1,5,0,66,14.22
4,4,0,62,16.04
2,7,0,4,37.68
0,5,0,61,17.49
2,2,0,39,28.36
6,6,0,60,11.71
3,1,0,48,28.72
1,8,0,11,32.73
0,4,0,66,16.77
0,8,0,12,29.92
0,9,0,27,25.36
1,6,0,36,26.32
0,5,0,67,13.09
2,8,0,35,21.58
2,9,0,50,12.91
1,5,0,5,40.13
1,8,1,77,0.50
2,1,1,62,13.59
4,2,0,33,31.21
0,2,1,13,30.03
0,4,0,60,19.63
0,4,0,15,34.54
6,6,0,26,24.27
2,4,0,14,35.54
1,10,1,17,16.10
6,10,0,70,0.95
0,7,0,55,16.32
0,4,0,31,27.98
3,8,0,23,27.83
0,3,0,3,40.62
6,5,0,24,26.36
4,9,0,79,2.35
5,9,0,3,28.92
0,3,0,70,15.54
1,2,0,17,37.06
4,2,0,19,36.06
3,8,0,38,21.14
0,5,0,8,37.91
3,10,0,24,22.08
0,6,1,6,25.97
6,9,0,45,12.06
5,8,0,18,21.98
0,2,0,6,42.63
3,8,0,27,23.67
6,6,0,39,18.58
0,5,0,39,24.79
0,4,0,37,26.29
0,8,0,27,26.11
3,1,0,57,23.06
3,7,0,42,20.90
2,6,0,30,26.10
6,4,0,70,8.32
2,9,0,20,25.65
3,1,0,54,23.11
6,6,0,59,11.26
4,2,0,47,27.60
3,9,0,36,21.03
0,8,0,52,15.84
2,10,0,72,5.19
6,6,0,55,13.94
3,3,0,29,30.02
3,1,0,5,43.53
1,1,0,22,35.72
2,7,0,77,5.90
5,8,0,27,18.81
4,6,0,41,21.56
3,9,0,76,6.00
5,3,0,48,18.63
4,4,0,21,33.97
1,6,1,66,0.60
5,9,0,47,10.31
0,1,0,8,45.17
1,4,0,14,38.25
2,4,0,10,36.97
5,9,0,74,0.50
3,2,1,41,19.24
6,3,0,68,12.01
3,6,0,27,28.96
6,5,0,65,9.85
1,6,0,29,26.41
6,3,0,36,23.45
2,6,0,18,30.87
3,5,0,63,13.87
1,5,0,50,19.56
5,4,1,25,16.70
6,8,0,18,25.78
5,9,0,42,11.73
5,3,0,0,37.88
1,5,0,78,7.60
3,7,0,71,7.40
6,7,0,24,24.07
3,4,0,71,13.27
2,4,0,13,35.90
0,1,1,70,9.48
5,6,0,61,9.10
6,1,0,56,20.30
0,5,0,15,36.35
4,7,0,30,24.70
4,3,1,76,1.50
0,3,0,3,42.14
4,1,0,36,33.67
2,7,0,44,19.18
4,8,0,51,15.12
1,9,0,13,27.61
0,4,0,34,30.15
2,9,0,22,27.49
0,4,0,6,39.43
2,5,0,63,16.97
6,3,0,42,22.16
5,2,0,4,37.14
4,7,0,62,11.00
6,9,0,30,15.78
3,10,0,77,1.70
4,7,0,17,29.93
2,8,0,50,16.32
0,5,0,45,21.14
6,10,0,5,26.37
2,8,0,76,4.73
6,5,0,39,21.60
0,1,0,35,31.57
5,2,1,62,6.97
6,6,0,1,31.84
5,8,0,60,8.80
1,1,0,79,16.37
6,3,0,73,10.62
5,2,1,60,4.79
2,9,0,1,34.45
1,4,0,39,27.07
0,9,0,48,14.08
6,5,1,30,15.41
6,8,1,45,3.77
5,9,0,67,4.21
1,5,0,76,9.58
3,4,0,69,14.41
6,5,1,24,16.57
1,2,0,41,29.16
3,9,0,38,18.40
1,3,1,64,6.57
2,1,0,64,20.89
5,10,0,22,19.09
2,10,0,58,7.81
2,10,1,54,0.94
3,10,0,57,10.98
4,5,0,47,23.55
3,7,0,0,37.04
5,9,1,5,15.64
3,3,0,57,21.08
5,9,0,22,20.12
5,10,0,59,2.77
5,5,0,14,31.16
5,7,0,36,17.84
5,2,1,37,15.60
0,7,0,59,13.13
3,9,0,12,29.55
0,1,0,29,36.45
6,8,0,68,3.32
2,10,0,55,9.70
2,2,0,20,38.11
0,9,0,24,24.15
1,7,0,14,33.85
3,7,0,75,9.48
6,9,0,59,4.59
6,8,0,55,8.96
5,9,0,79,0.50
2,10,0,64,8.58
4,1,1,7,34.78
3,3,1,25,23.35
3,1,0,19,37.24
3,9,0,51,12.97
6,8,0,28,21.10
3,2,0,68,17.36
2,1,0,21,39.46
5,2,0,58,15.40
2,6,1,77,0.50
5,2,0,63,13.58
1,7,0,3,35.79
5,8,1,56,0.50
4,10,0,35,19.54
4,3,0,69,16.27
4,2,0,9,42.33
5,2,0,6,36.79
5,6,0,63,9.74
3,2,1,42,19.74
3,6,0,6,36.62
5,3,0,42,22.58
0,2,0,30,33.32
1,5,0,36,26.76
1,5,0,8,38.32
1,3,0,46,25.66
4,7,0,26,25.95
0,5,0,77,8.12
4,3,0,43,26.83
0,4,0,52,19.45
4,2,1,50,13.54
0,3,0,43,26.76
4,1,0,54,25.23
2,9,0,44,15.60
0,1,0,36,32.71
3,6,0,14,32.52
4,8,1,14,20.82
4,5,0,9,36.43
1,9,0,17,26.29
0,10,0,3,31.93
3,7,1,23,16.32
1,6,0,74,7.58
1,2,0,2,43.12
3,8,0,35,23.75
3,6,0,28,26.21
2,6,0,7,36.77
1,7,0,68,9.78
5,6,0,22,25.85
2,9,0,18,27.58
2,4,0,31,31.35
4,5,0,46,20.29
0,4,1,48,14.49
2,8,0,38,22.47
1,1,0,18,37.38
3,10,0,23,25.44
0,6,0,36,24.73
4,6,0,62,12.61
1,2,0,12,39.66
3,8,0,64,10.18
1,8,1,17,18.34
5,2,0,55,18.32
6,10,0,7,26.01
3,5,0,62,13.74
2,2,0,27,34.65
2,6,0,61,15.32
0,7,0,7,35.59
3,10,0,49,14.65
0,9,0,46,16.83
3,5,0,1,40.61
3,10,0,16,26.79
4,9,0,52,12.44
0,4,0,10,39.93
5,7,0,24,21.17
6,10,0,1,25.72
5,8,0,49,12.62
2,2,0,60,22.90
1,5,0,74,12.39
4,6,0,45,21.00
2,9,0,71,8.05
3,3,1,53,11.63
2,3,1,72,3.43
6,5,0,13,30.43
1,6,0,65,11.24
2,8,1,17,20.78
5,8,0,30,17.88
0,9,0,70,5.12
1,1,0,29,35.53
5,5,0,29,25.45
1,4,0,71,15.22
4,3,0,6,40.59
4,2,0,76,12.60
0,7,1,73,0.50
5,6,0,77,2.34
5,8,0,66,5.94
5,6,0,63,9.30
6,2,0,66,12.27
4,2,0,42,29.36
5,8,1,27,11.99
0,4,1,76,3.37
4,8,1,54,6.17
4,5,0,67,11.84
4,10,1,35,8.58
2,8,0,30,25.90
0,7,0,29,27.55
5,2,0,72,9.25
6,10,0,50,7.30
4,9,0,23,24.41
3,8,0,53,13.21
1,7,0,68,9.44
5,1,0,19,34.01
3,8,1,24,16.77
3,4,0,55,19.33
2,7,0,26,26.23
2,5,0,61,16.49
0,4,0,75,13.72
6,6,0,53,13.45
2,3,1,69,5.25
4,2,0,1,45.27
0,4,0,74,13.96
0,8,0,35,23.03
0,8,1,14,20.12
6,9,0,22,19.27
1,9,0,36,20.86
6,4,0,63,10.16
6,1,0,52,20.33
3,1,0,36,33.62
4,4,0,4,39.58
4,1,0,57,24.48
4,3,0,50,25.20
0,2,1,34,19.49
5,5,0,16,30.88
1,5,0,0,39.85
6,5,0,75,5.11
6,5,0,75,5.33
5,3,0,43,23.21
1,9,1,14,18.02
4,4,0,59,17.98
4,4,0,17,37.14
2,7,0,12,31.52
2,2,0,45,26.55
2,9,0,69,6.92
2,6,0,13,32.85
3,10,0,79,1.29
3,10,1,35,8.92
0,10,0,17,27.85
3,1,0,65,21.28
6,7,1,3,20.45
2,5,0,79,10.88
2,8,0,18,29.48
6,5,0,55,13.29
0,5,0,59,17.68
5,8,0,22,20.41
5,5,1,67,0.50
4,9,0,45,15.31
0,8,0,63,12.40
1,5,0,69,13.56
0,5,0,78,10.64
4,10,0,77,4.07
6,8,0,52,9.14
0,2,0,25,34.84
3,4,0,2,39.43
0,10,1,28,13.14
5,10,0,59,3.60
2,6,0,38,25.66
4,7,0,51,18.57
0,2,0,54,23.29
6,7,0,35,19.42
0,4,0,4,38.51
5,5,0,13,30.29
2,3,0,17,35.21
6,2,0,27,28.55
5,3,0,50,18.60
4,10,0,1,34.32
1,3,0,53,20.67
6,8,0,1,32.30
6,8,0,65,5.46
4,8,0,7,34.25
0,2,0,57,23.51
4,4,0,19,33.17
5,1,0,12,36.00
0,5,0,18,32.08
3,9,0,48,16.29
5,2,0,39,23.77
2,7,0,2,37.86
0,3,0,47,26.12
4,5,1,38,15.03
0,9,0,73,3.90
6,2,0,19,33.77
0,5,0,51,19.25
6,2,0,38,23.64
6,4,0,19,30.80
5,3,0,59,15.32
0,5,0,7,38.22
2,3,0,15,37.14
3,2,0,4,43.46
4,4,0,44,24.40
6,8,0,64,7.18
1,5,0,22,32.77
0,9,0,15,29.57
6,3,0,36,22.32
1,6,0,54,15.42
3,5,0,71,10.50
2,10,1,26,13.88
2,10,0,66,5.41
1,5,0,69,11.32
0,3,0,1,41.40
4,8,0,52,15.48
3,3,0,12,38.91
2,6,0,36,23.72
5,4,0,24,29.14
2,4,0,23,31.13
5,6,0,2,32.32
0,3,0,6,39.39
6,10,0,50,6.11
2,1,0,44,29.21
4,8,0,14,28.84
6,3,0,59,13.94
0,3,0,27,32.66
3,10,0,25,24.13
2,3,0,70,13.72
6,3,0,20,32.29
0,2,0,29,31.82
1,6,0,52,18.72
4,3,0,29,30.59
6,3,0,15,33.43
2,8,1,21,17.25
6,6,0,37,18.85
3,6,0,1,37.88
1,9,0,2,31.75
5,3,0,61,12.88
4,2,0,40,27.54
1,2,0,6,42.18
5,8,0,30,18.77
2,7,0,78,7.44
2,2,0,0,45.79
1,8,0,25,27.00
4,3,0,0,45.42
6,2,0,50,20.84
2,9,0,56,12.15
0,2,0,37,30.17
3,2,0,48,25.36
1,4,0,15,34.98
5,8,0,71,2.38
0,3,0,77,14.34
0,4,0,65,16.03
2,1,0,8,42.00
6,3,0,44,21.37
4,9,0,7,32.68
4,3,0,67,17.70
2,9,0,1,32.75
3,5,0,71,13.74
4,4,1,1,30.93
3,3,0,77,12.94
1,7,0,64,12.14
6,1,0,46,22.18
4,9,0,18,27.35
0,1,0,61,21.12
4,7,0,24,29.77
0,6,0,26,28.37
6,6,0,22,25.87
3,7,0,2,38.18
1,7,0,25,25.71
3,4,0,67,15.13
3,2,0,36,29.88
5,10,0,58,4.41
3,9,0,74,3.67
1,1,0,50,26.91
1,8,0,42,19.73
4,4,0,71,13.62
4,7,0,37,22.17
4,8,1,25,15.99
3,5,0,71,13.15
4,7,0,71,9.36
0,2,0,25,36.14
2,1,0,33,34.93
3,7,0,53,15.78
4,7,0,24,29.88
4,3,0,23,35.19
5,9,1,67,0.50
5,8,0,34,15.57
3,6,0,38,23.43
6,9,0,14,24.98
2,1,0,4,45.76
5,2,0,54,18.55
0,1,1,7,35.58
5,8,0,7,26.87
4,9,0,54,10.94
6,2,0,47,23.18
4,5,0,64,13.30
4,10,0,4,29.52
4,8,0,24,24.47
5,5,0,56,11.72
4,10,0,7,29.22
3,9,0,16,29.81
6,8,0,10,28.44
3,1,0,21,39.29
0,1,1,38,20.53
0,7,0,19,31.06
3,5,0,36,26.04
5,7,0,70,4.86
0,3,0,75,12.36
2,7,1,43,8.85
2,8,1,44,9.47
5,6,0,69,8.39
5,4,0,0,37.17
4,7,0,29,27.46
2,2,0,43,26.74
1,4,0,78,9.79
3,3,0,47,22.75
6,9,1,41,3.78
3,1,0,62,21.68
1,10,0,14,25.42
2,8,1,11,22.42
1,6,0,1,39.63
2,7,0,10,32.36
1,3,0,28,30.51
6,4,0,47,19.68
5,1,0,9,38.17
4,7,0,41,23.05
3,10,0,67,5.13
3,5,0,76,12.03
3,5,0,71,13.19
2,7,0,34,23.33
5,1,0,73,11.76
0,5,0,52,19.50
6,9,0,33,16.35
3,4,0,59,19.44
2,8,0,25,26.61
6,3,0,61,13.84
4,4,0,37,25.49
2,2,0,66,20.00
6,5,0,40,18.93
2,9,0,4,33.33
3,8,0,70,8.96
1,10,0,62,6.23
0,1,0,78,16.18
4,8,0,62,9.67
1,9,1,24,16.53
3,7,0,13,33.69
3,5,0,28,28.06
4,9,0,57,11.84
1,2,0,23,35.33
2,1,0,23,37.95
0,2,0,56,23.21
4,1,0,61,23.49
4,8,0,67,7.59
2,4,1,17,25.82
3,6,0,53,18.55
4,4,0,19,34.61
6,10,1,51,0.50
6,1,1,5,29.64
1,3,0,6,43.05
6,2,0,60,15.89
0,6,0,38,25.25
5,2,0,51,18.62
5,2,0,41,22.53
5,2,0,43,24.63
3,9,1,12,21.25
3,1,0,45,29.63
5,8,1,0,20.94
6,4,0,71,7.96
2,6,0,21,29.45
1,4,0,36,27.30
5,5,0,26,24.58
2,3,0,38,26.34
2,4,0,15,34.11
3,4,0,6,39.68
2,3,1,34,19.81
1,4,0,13,36.75
4,10,0,40,15.87
0,5,0,31,28.64
2,8,1,68,0.50
0,6,0,41,24.48
6,6,0,51,14.23
4,6,0,21,31.14
5,10,0,51,6.46
5,1,0,10,37.24
0,7,0,48,20.02
1,4,0,33,28.02
3,7,0,29,27.56
5,10,1,14,11.84
2,6,0,21,30.13
4,7,0,75,6.27
6,10,0,78,0.50
0,1,0,7,44.07
6,6,0,47,16.21
4,5,0,53,19.13
6,2,0,34,26.70
5,7,1,14,17.83
3,1,0,66,19.86
0,5,0,14,36.36
2,1,0,26,35.16
3,5,0,1,41.18
1,4,0,48,22.60
5,8,0,14,25.03
5,9,0,55,6.68
0,6,0,44,23.18
4,3,0,52,20.92
5,4,0,48,19.24
5,10,0,59,4.73
1,3,0,62,18.69
0,1,0,17,40.33
0,5,0,70,13.87
3,5,0,27,29.95
6,2,0,59,14.62
2,8,1,78,0.50
2,6,0,0,39.48
6,9,0,67,1.27
5,3,1,74,0.50
5,5,0,39,19.83
4,4,1,46,14.03
0,9,0,50,14.93
4,8,0,74,5.67
4,10,0,66,4.98
4,7,0,34,25.86
3,4,0,19,35.07
6,4,0,67,8.28
3,6,0,1,37.68
5,10,0,38,13.85
2,6,0,61,14.16
1,10,0,31,19.12
5,8,0,34,15.81
0,3,0,24,35.62
3,9,0,49,16.14
0,5,0,40,26.13
3,3,0,79,12.97
3,8,0,67,8.92
2,8,0,56,14.67
0,1,1,60,12.06
1,6,0,43,21.05
5,7,1,0,21.95
0,10,0,5,29.74
0,6,0,19,32.64
1,8,0,78,5.20
3,2,0,15,39.57
6,7,0,30,20.54
4,9,1,53,1.66
1,10,0,25,22.04
1,10,0,57,8.27
0,7,0,48,16.52
2,9,0,78,3.50
3,3,0,4,43.58
6,9,1,33,7.00
2,7,0,8,35.73
4,5,0,22,31.05
1,7,1,58,2.49
1,7,0,23,26.64
6,8,0,13,23.96
4,3,0,3,40.57
3,8,0,39,19.20
2,5,0,48,22.01
6,1,0,20,32.60
0,4,0,15,37.01
2,3,0,24,33.16
0,1,0,51,26.21
6,6,0,37,17.67
4,4,0,54,19.97
1,7,0,49,17.31
1,5,1,17,22.50
2,8,0,68,7.85
3,6,0,12,34.00
2,7,0,30,25.01
1,1,0,16,39.28
4,10,0,5,31.64
4,5,0,20,31.76
2,5,0,31,28.00
6,4,0,79,4.25
4,4,0,56,18.06
2,9,0,35,18.94
3,2,0,2,43.41
5,7,0,29,20.89
2,9,0,79,3.65
1,2,0,73,15.12
2,4,0,29,31.13
5,8,0,31,18.93
6,3,0,17,31.15
5,6,0,5,33.62
6,10,0,24,20.16
2,4,0,16,34.26
6,8,0,67,2.52
4,10,0,70,6.11
6,4,0,57,15.09
6,2,0,46,22.59
2,9,0,61,11.45
3,1,0,67,21.63
1,8,0,11,32.12
1,10,1,53,3.32
5,9,0,69,0.83
4,6,0,35,23.50
3,5,0,43,22.63
4,5,1,55,9.65
1,6,0,65,12.45
5,6,1,2,21.41
0,5,0,33,26.32
5,2,1,24,22.15
3,2,0,51,26.55
0,3,0,0,42.63
5,8,0,58,5.94
6,1,0,4,41.25
3,3,0,52,21.38
4,5,0,74,12.74
1,2,1,41,19.03
2,1,1,12,31.70
5,4,0,67,11.35
0,2,0,58,20.42
2,1,0,8,41.40
0,3,0,69,15.29
4,3,0,52,20.80
6,5,0,65,10.35
3,5,0,56,17.72
0,8,0,1,37.43
0,5,0,73,9.73
0,2,0,44,28.80
2,3,1,50,11.50
2,9,0,59,9.62
0,7,0,73,8.94
6,1,0,66,15.70
3,4,0,42,26.92
0,9,0,22,24.55
6,10,0,41,9.94
1,1,0,74,16.53
5,10,0,60,2.28
5,7,0,12,28.86
2,3,0,13,40.25
6,1,0,7,40.04
1,6,0,28,27.66
2,9,1,28,15.15
4,2,0,31,32.39
1,10,0,25,24.65
4,6,0,12,33.56
0,6,0,71,10.89
6,1,0,15,34.87
0,6,0,13,35.01
1,2,0,40,29.22
4,4,0,72,11.58
4,9,0,35,20.23
3,9,0,56,12.83
4,6,0,48,17.97
4,6,1,34,16.53
0,10,0,61,6.98
1,10,0,59,9.50
2,10,0,60,8.35
3,2,0,11,40.32
1,10,0,64,7.90
5,6,0,33,19.98
6,5,0,34,20.34
4,7,0,56,14.90
2,9,0,37,19.01
3,3,0,47,24.04
4,1,0,62,21.21
2,3,0,37,29.35
4,3,0,1,42.17
5,10,0,2,26.46
4,2,1,13,30.01
4,1,0,38,32.24
5,10,0,0,28.56
1,4,0,2,39.30
2,2,0,2,44.61
6,10,0,78,0.50
6,4,1,42,11.75
1,5,0,65,15.83
6,8,1,21,12.83
4,2,0,40,28.99
6,9,0,67,3.29
2,10,1,32,10.95
6,5,0,56,14.51
4,10,0,65,8.95
6,7,0,46,15.69
5,8,0,0,32.70
0,10,0,52,11.47
1,2,0,61,22.03
0,6,0,78,6.72
1,4,0,13,37.66
4,4,0,6,38.20
0,1,0,27,37.10
6,4,0,38,19.90
4,1,0,73,17.89
0,5,0,36,27.60
5,6,0,16,26.96
2,6,0,23,30.15
2,3,0,45,25.43
5,3,0,71,11.16
0,9,0,59,10.57
1,1,0,49,26.22
1,3,0,5,42.41
2,9,0,39,17.38
0,3,0,60,17.75
1,7,0,36,22.20
4,1,1,20,27.72
3,4,0,64,17.09
2,10,0,32,19.70
2,1,0,5,44.44
0,7,1,22,20.67
6,1,0,34,27.00
1,9,1,34,10.10
4,1,0,14,42.02
4,9,0,18,26.39
3,1,0,41,31.34
3,7,0,24,25.99
5,6,0,42,15.33
0,3,1,69,7.60
4,8,0,62,11.47
5,5,0,13,30.32
2,4,1,20,23.20
5,10,0,76,0.50
2,8,0,33,23.01
0,1,0,21,38.88
6,2,0,30,28.86
2,5,0,0,40.41
0,2,0,25,33.07
2,8,0,73,8.24
0,7,0,70,9.74
2,10,0,65,8.25
0,3,0,62,19.87
3,4,0,76,12.24
3,10,0,50,13.71
0,2,0,39,28.17
6,9,0,8,25.39
5,4,0,70,9.92
0,5,0,67,12.92
0,3,0,60,20.50
1,10,0,44,15.31
0,7,0,43,20.93
2,7,0,19,28.11
5,3,0,31,24.52
6,7,0,76,3.64
1,8,0,29,24.82
6,6,0,37,20.57
6,5,0,19,26.29
3,5,0,44,21.41
2,7,0,3,36.34
4,3,1,30,21.85
2,7,0,33,24.34
2,4,0,31,28.91
3,7,0,4,36.92
5,2,0,48,19.33
2,1,0,46,27.21
1,6,0,72,10.70
5,9,1,34,4.52
1,10,0,48,11.81
4,8,0,44,18.16
0,7,0,21,27.50
6,9,0,34,14.96
2,6,0,34,24.75
3,10,0,30,21.14
0,5,0,0,39.93
4,6,0,52,17.30
0,7,0,74,9.27
1,8,0,5,34.56
4,6,0,42,24.14
6,1,0,28,30.59
5,10,1,78,0.50
4,1,0,11,43.86
0,9,0,74,3.65
6,8,0,25,21.45
5,1,0,16,34.36
5,2,1,46,9.62
4,8,0,76,6.96
2,8,1,10,20.46
5,7,0,53,9.46
5,9,0,25,20.57
5,8,0,29,20.67
1,4,0,49,23.70
5,6,0,28,23.67
1,8,0,71,5.60
5,5,0,56,11.30
6,7,0,38,16.32
2,4,0,51,19.62
0,1,0,62,20.87
5,8,0,78,1.64
5,8,0,3,29.37
5,6,0,7,33.06
4,2,0,44,28.92
5,1,0,24,31.00
2,7,0,30,25.31
2,6,1,8,24.75
3,7,0,52,15.17
6,4,0,57,14.92
6,6,0,59,9.31
4,9,0,14,29.09
5,4,1,70,0.50
1,6,0,40,23.39
0,7,0,5,33.59
3,8,0,63,9.51
4,2,0,57,24.03
4,5,0,13,34.86
2,8,1,25,17.03
1,3,0,70,15.55
0,2,0,10,41.82
0,10,1,12,17.12
1,8,0,24,28.13
3,6,1,63,2.41
5,6,0,51,11.64
5,5,0,76,3.96
3,10,1,5,21.90
0,6,0,3,37.32
4,4,0,24,33.16
1,1,0,27,34.56
1,7,0,66,12.09
6,8,1,69,0.50
1,1,0,50,27.54
4,7,0,46,20.77
5,8,0,39,16.02
1,6,0,45,21.34
1,5,0,24,31.28
3,8,0,17,30.68
5,6,0,41,19.14
5,1,0,56,18.40
4,6,0,44,21.17
5,10,1,29,7.50
1,5,0,33,28.47
6,4,0,11,33.47
3,1,0,11,43.56
2,4,0,51,22.01
1,7,0,23,28.79
5,10,0,43,10.70
5,7,0,69,5.40
4,1,0,56,22.96
5,9,0,65,2.29
3,3,0,45,26.64
0,7,0,47,17.49
3,5,0,3,40.69
3,3,0,9,39.65
4,3,0,5,39.92
6,6,0,67,5.56
4,3,1,39,18.92
5,4,0,61,12.84
5,3,0,42,21.52
2,4,0,43,23.65
2,5,0,11,38.01
1,6,0,38,23.76
3,9,0,15,28.96
5,8,0,11,28.40
1,2,0,5,42.15
0,5,0,21,31.94
5,7,0,54,9.14
5,6,0,13,30.17
1,5,0,23,31.36
2,10,0,35,20.25
6,1,0,1,43.08
0,7,0,77,8.70
4,5,1,8,27.44
0,9,0,56,13.12
4,3,0,71,16.90
2,9,0,6,31.59
4,10,0,19,25.26
2,6,0,59,13.93
4,8,0,68,9.18
1,2,0,66,16.69
1,10,0,73,5.76
0,1,0,15,38.58
1,4,0,57,18.54
4,3,0,68,17.98
0,3,0,36,27.99
3,6,0,37,22.69
2,3,0,13,39.50
5,8,0,16,26.21
1,4,0,50,22.71
2,7,0,39,21.84
5,10,0,25,17.55
0,3,0,65,19.21
2,9,0,38,20.61
6,2,0,38,25.94
5,1,0,45,22.23
2,2,0,43,29.57
5,5,0,56,13.73
1,1,0,77,15.45
1,9,0,69,7.85
6,3,0,42,21.30
2,9,0,41,18.23
0,4,0,30,31.71
2,10,0,45,13.65
5,5,0,39,18.63
6,8,0,28,19.54
2,6,0,48,17.92
2,2,0,65,18.96
3,1,0,50,27.53
2,9,0,26,24.93
4,7,0,76,7.38
4,3,0,0,41.64
4,5,0,61,14.26
3,2,0,35,31.44
2,7,0,57,14.49
3,1,1,56,12.52
1,2,0,10,39.91
1,8,0,30,23.66
4,8,0,65,10.14
1,2,0,25,35.48
1,1,0,42,30.20
6,1,0,43,23.93
0,10,0,48,13.93
3,10,0,49,14.08
2,9,0,50,15.75
5,6,0,45,17.20
6,10,0,60,3.90
3,8,0,68,9.52
1,3,0,39,29.15
4,9,0,73,5.94
4,2,0,9,42.48
0,3,0,32,32.44
3,8,1,37,12.10
3,1,0,70,17.09
1,9,0,20,26.85
4,1,0,66,21.46
4,10,1,2,22.68
5,9,0,18,21.59
3,7,0,73,8.93
1,10,0,14,25.72
1,3,0,76,12.00
4,8,0,49,16.80
0,9,0,65,6.94
2,10,0,50,11.19
3,5,1,28,21.20
1,7,1,2,26.29
2,6,0,58,16.94
3,9,0,52,13.27
3,4,0,55,19.89
3,9,0,17,27.86
0,10,0,78,3.40
1,1,0,7,43.94
6,3,0,50,19.30
0,1,0,69,20.40
2,2,0,37,28.85
6,1,0,38,27.09
6,9,0,74,0.50
3,5,1,1,32.10
0,6,0,66,12.56
5,5,0,50,15.84
5,9,1,53,0.50
2,7,0,18,31.69
1,4,0,37,28.95
4,7,1,52,6.47
2,9,0,67,6.89
2,8,0,3,34.79
1,5,0,64,14.20
6,1,0,16,35.37
1,4,0,50,21.05
3,1,0,21,38.52
5,1,1,17,24.23
2,10,0,54,9.64
6,6,0,38,18.52
1,8,0,67,10.71
5,8,0,48,10.84
4,1,0,22,38.98
6,4,0,30,25.04
5,9,0,67,2.65
4,9,0,20,26.63
2,6,1,9,24.40
5,3,0,34,25.98
6,8,0,43,12.11
1,10,0,26,21.47
2,3,0,76,11.55
1,2,0,70,18.17
2,4,0,8,38.85
5,8,0,68,4.80
1,4,0,3,42.65
1,6,0,29,28.65
4,10,0,48,11.95
3,6,0,2,39.61
3,1,0,59,23.66
4,6,0,6,34.81
2,1,0,77,17.34
6,5,0,72,7.23
1,7,0,34,23.01
2,7,0,78,6.39
1,9,0,30,21.71
0,7,0,17,32.14
4,1,0,26,35.79
3,5,0,44,24.51
2,6,0,54,17.44
5,4,0,25,27.27
1,7,0,8,33.66
5,1,0,30,29.59
4,5,0,50,20.86
6,8,0,63,7.74
2,2,0,25,35.15
4,9,0,40,17.80
2,2,0,71,15.14
6,2,0,72,10.44
1,10,0,70,5.78
1,8,0,49,15.86
3,2,0,42,28.83
4,7,0,7,35.07
1,1,0,18,37.84
2,6,0,74,10.42
6,2,0,29,27.30
4,6,1,52,6.98
4,7,0,31,23.16
2,5,0,56,19.53
4,1,0,58,22.21
4,3,0,33,31.06
4,10,0,62,6.88
6,2,0,25,30.97
6,10,0,53,8.20
2,8,0,13,30.71
0,9,0,62,8.11
0,4,0,2,39.79
2,1,0,50,26.37
1,5,0,54,17.73
0,3,0,63,17.72
4,3,1,72,6.45
3,10,1,70,0.50
6,7,0,43,16.40
2,6,0,25,28.88
0,6,0,62,14.33
1,5,0,33,25.96
5,1,0,22,31.54
1,1,0,4,45.81
6,1,1,15,27.02
3,2,0,15,40.68
4,9,0,29,22.88
4,9,0,30,20.57
3,3,0,74,12.40
0,5,0,66,13.12
4,2,1,45,15.00
2,4,0,64,15.16
4,5,0,53,18.16
4,2,0,18,38.94
0,3,0,21,37.06
3,4,0,61,18.44
5,7,0,36,16.42
4,7,0,2,36.53
6,10,0,1,27.63
6,1,0,75,10.05
6,6,0,35,20.87
5,4,0,14,31.49
5,1,0,46,21.67
4,1,0,7,44.65
5,6,0,79,2.56
1,4,0,12,36.48
0,10,0,8,30.73
2,5,0,32,27.82
6,4,0,9,35.28
2,8,0,5,33.19
2,7,0,39,23.32
1,5,0,35,27.44
4,2,1,48,15.99
6,7,0,13,26.67
4,1,0,26,34.19
4,6,0,55,16.92
4,1,0,39,29.38
5,5,0,37,19.67
3,2,0,1,46.25
2,8,0,66,8.45
5,6,0,32,20.33
0,9,0,14,29.36
1,5,0,69,12.39
1,3,0,29,32.04
6,7,0,72,1.81
5,9,0,43,14.21
1,3,0,37,27.46
2,4,0,37,27.59
4,1,1,7,34.00
3,5,1,60,6.54
3,6,0,26,28.09
2,3,0,12,37.87
4,3,0,6,41.99
5,6,0,72,4.92
3,4,0,65,16.24
5,1,0,49,20.13
1,1,0,61,21.54
3,1,0,37,30.69
4,3,0,6,40.37
3,10,0,31,20.97
5,3,0,38,24.70
6,9,0,71,3.04
0,9,0,75,4.91
0,9,0,42,17.96
1,10,0,31,19.75
2,6,0,21,29.05
3,9,0,23,23.32
3,9,0,28,21.36
4,1,0,38,29.74
6,6,0,33,20.98
0,5,0,52,19.09
0,2,0,71,18.39
1,7,0,67,8.99
4,7,0,13,30.48
1,6,0,24,30.57
4,3,0,73,13.89
2,8,0,74,6.70
5,2,0,70,10.66
1,8,0,57,12.94
1,9,0,16,26.33
6,3,0,45,19.80
4,7,0,54,14.94
0,1,0,67,18.52
1,4,0,50,23.50
0,8,0,49,15.38
3,3,1,61,8.97
5,9,1,30,7.15
1,5,0,44,24.55
5,6,0,42,17.81
4,8,0,24,27.72
0,7,0,36,23.65
5,4,0,30,24.87
5,6,0,40,18.19
4,7,0,68,11.98
1,4,0,11,37.18
0,1,0,26,37.32
3,1,1,11,34.01
0,7,0,54,16.97
0,9,0,48,14.35
4,7,0,17,31.32
3,8,0,27,25.56
3,2,0,19,37.04
3,8,0,49,14.86
2,1,1,28,26.37
1,2,0,79,11.56
6,5,0,15,31.12
3,1,0,50,27.14
6,9,1,27,9.89
3,8,0,70,7.70
5,1,0,69,15.24
5,1,0,73,12.03
2,5,0,44,23.71
1,9,0,31,20.50
6,8,0,13,26.77
4,5,0,13,36.46
3,2,0,64,19.27
1,7,0,2,38.43
6,10,0,71,0.50
0,2,0,25,33.10
2,10,0,30,19.99
0,6,0,40,23.51
2,3,0,1,43.13
0,7,0,6,34.17
0,7,0,62,13.13
5,9,0,24,18.52
4,1,0,65,22.00
4,3,1,35,18.71
0,10,0,39,16.46
0,6,0,33,25.68
1,2,0,1,46.22
4,8,0,45,19.28
0,10,0,60,7.40
5,7,1,66,0.50
0,5,0,5,37.16
6,10,0,60,4.24
4,2,0,76,15.16
2,6,0,58,16.61
1,2,0,2,42.52
5,2,0,15,34.22
1,9,0,67,8.28
3,6,0,43,21.66
1,7,0,56,14.55
4,2,0,36,31.71
1,3,0,38,26.94
4,4,0,7,40.55
0,3,0,78,13.48
3,9,0,48,15.83
5,4,0,68,9.94
4,9,0,31,22.34
4,5,0,50,20.12
0,9,0,41,17.42
4,2,0,17,36.78
4,8,0,22,27.30
0,8,1,75,0.50
5,8,0,50,10.65
1,10,0,54,11.21
5,3,0,15,30.78
2,2,0,40,28.97
4,1,0,53,23.88
0,9,0,23,24.63
2,8,0,18,29.35
5,10,0,43,10.58
6,6,0,11,28.64
1,4,0,26,33.14
6,9,0,6,28.46
1,6,0,61,14.38
2,3,0,46,24.59
5,2,0,32,28.57
3,7,0,43,19.24
4,10,0,16,27.88
6,1,0,43,23.22
0,2,0,73,15.20
6,8,0,52,8.76
1,7,0,14,30.69
4,2,0,72,17.59
1,9,0,26,22.17
4,5,0,69,14.85
2,3,0,75,14.38
2,5,0,66,12.70
1,9,1,59,0.61
6,8,0,48,10.73
4,5,0,32,29.10
2,10,1,60,0.50
5,4,0,21,27.24
4,5,0,12,35.36
1,1,0,52,26.52
1,10,0,27,23.76
1,1,1,28,24.53
4,5,0,36,25.47
1,6,0,68,13.09
1,2,0,38,30.21
6,2,0,74,10.23
6,4,0,58,15.13
3,1,0,25,34.58
0,8,0,24,25.91
1,5,0,25,29.69
1,5,0,64,16.19
1,7,0,19,30.60
5,6,0,8,30.78
3,8,0,28,26.14
4,7,0,15,31.01
1,6,0,40,24.81
0,5,0,9,36.21
4,6,0,14,33.12
2,3,0,7,39.31
6,6,0,9,30.90
4,5,0,31,27.40
6,2,0,7,38.62
0,3,0,13,36.56
6,9,0,32,15.19
1,7,0,26,28.06
1,1,0,73,17.93
2,5,0,21,31.07
0,7,0,16,32.68
1,5,0,29,29.29
2,6,0,57,17.07
5,6,0,50,15.18
2,4,0,58,18.34
6,8,0,27,21.30
3,6,0,10,36.55
1,2,0,56,23.96
6,7,0,26,23.37
1,9,0,9,29.72
5,4,0,79,3.41
5,5,1,74,0.50
2,5,0,44,24.45
6,6,0,27,24.16
0,10,1,13,17.72
1,1,0,26,34.96
0,3,0,54,20.85
5,3,0,10,33.75
3,5,0,40,24.04
4,4,0,12,38.04
2,1,0,19,38.49
4,10,0,54,12.30
3,5,0,38,24.53
2,4,0,52,22.34
3,5,0,44,22.34
2,2,0,37,31.69
6,2,0,28,30.32
3,4,0,17,36.49
4,6,0,22,30.81
5,8,0,74,0.59
4,3,0,0,41.62
0,1,0,70,18.01
3,4,0,8,39.83
6,8,0,51,9.50
6,3,0,33,23.54
6,7,0,66,6.31
4,9,0,32,20.15
5,7,0,76,0.60
4,6,0,43,19.92
1,7,0,49,19.85
4,5,0,53,20.21
5,10,1,68,0.50
1,5,0,52,21.40
3,9,0,29,21.99
4,8,0,47,16.46
3,4,0,35,27.69
4,7,0,10,33.25
2,2,0,45,26.35
0,3,0,51,22.50
4,9,0,75,5.37
1,3,0,22,36.57
0,5,0,1,41.16
3,1,0,8,44.41
4,3,0,36,27.58
6,1,0,56,19.51
3,8,0,67,7.29
5,8,0,48,11.63
0,4,0,5,38.91
5,5,0,61,11.21
3,1,0,52,25.61
3,8,1,2,25.32
1,7,0,76,8.08
1,7,0,52,18.63
4,7,0,50,19.15
0,2,0,6,42.15
2,2,0,0,43.95
2,5,0,79,7.88
2,6,0,45,19.86
1,10,0,40,17.64
1,9,0,76,2.65
0,1,0,10,43.64
3,3,1,43,15.65
5,9,0,33,16.99
0,5,0,31,29.71
1,2,1,59,12.37
6,9,0,15,23.48
5,9,0,9,25.13
1,1,0,2,47.56
1,8,0,17,27.24
0,9,0,61,12.00
0,10,0,59,9.67
4,3,0,49,22.60
6,5,0,66,10.44
1,6,0,44,21.95
6,8,0,71,1.09
3,5,0,64,15.90
4,9,0,65,7.72
6,4,0,43,20.80
0,9,0,9,29.57
0,6,1,10,25.77
4,1,0,12,43.57
0,2,0,25,33.38
3,10,0,64,7.13
3,9,0,4,32.86
4,9,0,75,5.03
6,3,0,17,33.64
0,4,0,63,17.12
5,1,0,62,16.54
4,3,0,73,14.95
5,9,0,45,10.44
1,4,0,34,27.18
4,2,0,44,25.87
1,2,0,64,19.97
6,5,0,60,9.57
5,4,0,1,35.75
2,7,0,31,25.71
4,9,0,62,11.64
0,10,0,14,26.38
2,4,1,23,24.31
3,1,0,57,21.86
4,7,0,13,32.93
2,4,0,40,26.52
5,9,0,12,26.31
1,10,0,1,34.44
1,7,0,13,30.33
0,1,0,15,42.16
1,9,0,62,8.39
6,10,1,47,0.82
5,2,0,0,38.23
1,7,0,62,10.76
2,8,0,8,32.74
0,7,0,28,26.25
3,2,0,17,36.69
4,8,1,60,2.72
1,7,0,5,34.29
3,4,0,39,26.55
6,1,0,1,42.14
2,6,0,45,20.06
5,6,0,24,23.50
3,2,0,16,38.70
1,4,0,59,18.06
5,1,0,69,15.08
0,10,0,65,7.08
1,10,0,25,22.63
1,4,0,21,32.21
2,2,0,19,35.61
1,5,0,9,35.36
4,2,0,49,25.40
0,10,0,5,30.62
2,9,0,59,9.72
5,9,0,75,0.50
1,9,0,1,33.75
4,9,1,72,0.50
3,2,1,16,29.01
3,9,0,14,27.64
0,10,0,16,26.68
5,4,0,47,18.30
3,6,0,54,16.72
6,6,1,67,0.50
5,8,0,59,8.16
2,4,0,21,34.60
5,9,0,73,1.44
5,7,0,39,18.10
6,6,0,55,12.00
6,10,0,50,6.90
0,4,0,43,25.36
0,4,0,54,22.38
6,1,0,66,16.43
1,2,0,32,31.96
2,8,0,38,22.69
0,6,0,51,18.06
1,5,0,1,41.24
3,10,0,41,16.63
1,9,0,3,32.53
0,9,0,22,24.56
5,5,1,34,9.90
4,1,0,30,34.05
2,4,0,76,13.23
1,7,0,14,32.92
1,2,0,64,19.53
0,1,1,76,5.06
0,9,1,49,5.48
3,9,0,61,8.64
3,4,0,53,22.29
3,4,0,1,39.95
2,8,0,3,35.31
3,2,1,21,27.00
6,6,0,69,5.19
2,2,0,63,17.94
0,2,1,31,23.98
1,7,0,0,35.78
4,7,1,38,13.55
4,2,0,69,15.54
6,3,0,43,22.31
3,3,0,54,21.57
5,6,0,55,12.00
4,8,0,23,28.67
3,4,0,53,19.21
5,8,0,74,0.50
0,5,0,71,11.48
4,3,0,17,35.44
5,3,0,71,10.85
5,1,0,11,35.60
5,7,0,4,30.83
6,6,0,71,4.05
3,8,0,78,4.98
3,4,0,29,30.81
1,8,0,22,25.96
5,2,0,39,25.49
3,9,0,78,3.15
5,4,0,77,4.63
3,6,0,42,24.12
1,9,0,38,20.38
5,7,0,22,22.10
3,4,0,76,10.66
4,5,0,29,29.64
6,6,0,57,10.94
5,1,0,34,28.70
4,9,0,19,25.22
2,5,0,14,36.65
2,7,0,38,20.97
3,9,0,0,36.00
5,9,0,60,4.17
2,10,0,4,32.12
2,10,0,78,3.26
1,7,1,38,13.08
0,5,0,77,11.06
3,1,0,6,42.97
3,8,0,19,27.14
6,8,0,77,0.50
6,7,0,41,15.72
1,3,0,74,12.47
4,10,0,0,33.03
3,10,0,76,3.37
1,3,0,24,32.11
6,10,0,9,23.83
0,6,0,21,32.17
4,7,0,63,11.11
6,9,1,53,0.50
1,1,0,7,43.83
1,2,0,4,42.83
2,10,0,63,9.75
4,9,0,1,32.93
4,1,0,18,38.85
5,4,0,66,11.65
5,9,0,27,17.70
6,7,0,77,0.50
5,9,0,6,28.24
2,2,0,11,41.39
0,5,0,21,32.19
3,9,1,31,13.42
1,10,0,25,22.94
3,4,0,72,12.22
1,1,0,68,20.22
2,5,0,39,23.50
5,2,0,25,29.68
1,8,0,25,25.56
4,8,0,54,15.34
5,3,0,36,24.80
2,2,0,79,14.50
4,1,0,13,39.38
5,3,0,16,34.03
1,1,0,27,34.91
1,1,0,16,39.22
6,1,0,27,30.65
6,8,0,2,31.63
4,8,0,52,17.02
3,5,0,29,27.24
2,10,0,78,2.92
0,5,0,48,20.30
1,9,0,0,33.78
5,7,0,33,17.50
5,3,0,12,33.72
2,5,0,54,18.23
4,1,0,41,29.45
6,9,0,20,21.90
1,9,0,39,19.66
3,5,0,16,34.95
6,6,0,34,20.82
1,3,0,29,30.99
2,2,0,70,15.59
0,10,0,0,34.26
0,3,0,12,38.45
3,6,0,40,23.37
3,3,0,57,18.82
6,2,1,48,9.53
1,10,0,7,29.03
6,6,0,29,23.88
4,2,0,26,35.16
0,10,0,39,16.89
0,8,0,77,5.38
5,4,0,22,26.39
0,10,0,66,7.40
0,7,0,37,22.54
4,10,1,16,15.14
2,1,0,41,30.97
0,4,0,43,23.27
5,4,0,32,24.15
2,9,0,7,33.01
2,5,0,78,8.62
3,4,0,32,28.98
2,5,0,8,39.10
2,10,0,23,22.40
0,5,0,34,27.82
6,10,0,67,1.45
6,10,0,12,24.65
6,4,0,19,31.19
4,9,0,16,29.53
5,5,0,66,7.92
4,5,0,74,8.96
4,7,0,15,29.68
4,8,0,47,18.64
6,5,0,32,23.16
1,5,0,60,14.99
2,5,0,29,30.06
4,10,0,8,31.22
0,10,0,51,14.44
6,9,0,8,27.26
4,5,0,17,33.21
2,3,0,58,20.40
0,7,0,9,32.23
0,6,0,57,14.31
4,10,0,75,3.66
0,10,0,23,24.58
0,3,0,51,25.04
5,8,0,6,29.17
6,2,0,2,39.39
5,9,0,38,13.73
0,9,0,54,14.51
5,2,0,79,8.40
1,5,0,46,20.65
1,10,0,70,3.96
4,7,0,18,29.65
0,6,0,68,10.75
3,7,0,24,27.88
6,7,0,50,12.63
0,7,0,33,22.95
0,7,0,17,31.20
4,5,0,19,33.98
2,7,0,37,23.22
3,3,0,65,16.07
2,8,1,30,12.34
1,7,0,7,33.56
6,1,0,10,36.44
0,10,0,71,5.99
0,4,0,37,25.50
5,8,0,26,18.89
5,3,0,42,23.52
1,1,0,54,24.38
5,1,0,33,27.13
1,4,0,14,38.05
1,9,0,29,21.16
2,3,1,55,12.11
0,9,0,56,13.40
2,10,0,63,6.33
4,9,0,65,10.48
1,2,0,39,27.51
2,4,0,47,23.17
6,7,0,33,19.21
6,10,0,50,9.47
1,4,0,50,22.14
5,8,0,25,20.40
0,1,0,58,22.42
3,8,0,79,3.58
4,6,0,52,19.32
1,2,0,29,33.23
0,4,1,51,11.04
5,9,0,15,24.15
4,8,0,6,33.10
5,8,0,55,10.08
5,9,1,53,0.50
3,1,0,34,32.37
1,3,0,58,21.99
3,5,1,69,4.46
0,8,0,19,29.67
5,10,0,72,0.50
3,3,0,24,35.32
4,8,0,55,12.25
2,10,0,34,18.61
5,5,0,5,34.46
1,6,0,4,39.29
4,5,0,35,25.74
5,5,0,34,23.78
5,5,0,53,15.87
6,8,0,74,0.76
2,3,0,39,27.35
4,2,0,51,23.80
5,6,0,31,22.50
1,7,1,68,0.50
3,7,0,52,15.15
0,8,0,21,27.85
0,7,0,75,7.39
0,4,0,10,36.41
4,10,0,38,16.03
0,2,0,52,22.63
5,10,0,62,1.74
4,10,0,1,30.88
0,9,0,76,2.36
0,3,0,43,26.92
4,7,0,40,21.43
5,2,0,49,20.02
6,2,0,34,25.20
0,2,0,79,12.62
3,3,0,42,25.26
0,7,0,57,16.59
0,5,0,59,16.14
3,10,0,42,17.75
0,10,0,43,15.58
5,2,0,27,30.95
1,4,0,21,33.51
6,2,0,33,27.03
5,3,0,44,19.14
1,6,0,63,14.58
1,2,0,6,44.00
4,7,0,11,31.95
3,10,0,16,25.84
4,5,0,57,17.37
6,6,0,38,20.77
4,5,0,58,18.89
4,9,0,3,31.96
1,2,0,67,17.83
1,1,0,20,37.67
5,9,0,75,0.50
2,10,0,71,3.64
2,9,1,20,17.36
4,6,0,3,37.99
4,10,0,67,5.55
3,10,0,54,10.69
3,6,0,77,7.93
1,3,0,4,42.69
2,8,0,3,33.81
6,5,1,11,21.81
3,2,0,67,18.17
5,10,1,43,2.76
5,6,0,44,15.75
3,4,0,6,38.34
1,7,0,11,32.07
0,9,0,69,6.52
2,5,0,5,36.99
2,3,0,16,36.55
6,7,0,51,13.26
0,7,0,47,17.50
2,6,0,70,11.81
6,2,0,77,10.61
5,5,1,28,15.34
3,8,0,6,35.20
1,10,0,60,9.82
1,9,0,78,3.27
0,6,0,34,25.84
6,7,0,4,28.92
6,1,1,15,26.73
0,1,1,28,27.02
2,4,0,72,12.00
0,2,0,41,30.09
6,10,0,29,17.85
1,3,0,2,44.25
5,7,0,55,10.45
2,3,0,7,42.69
2,10,0,53,11.02
6,5,0,74,7.19
4,3,0,33,30.79
0,8,0,11,31.16
4,3,0,79,12.60
2,3,0,34,31.70
1,4,0,29,32.03
4,3,0,36,30.10
4,10,0,11,29.44
0,8,0,79,3.58
6,10,0,38,13.04
2,3,0,73,12.94
4,7,0,56,14.76
4,8,0,51,14.11
0,6,0,36,24.62
2,5,0,60,16.27
5,4,0,5,34.62
0,7,0,20,27.52
4,7,0,44,21.71
5,2,1,77,0.50
3,8,0,38,21.05
1,1,0,63,21.04
0,1,0,71,18.39
5,5,0,11,31.21
0,6,0,22,28.92
0,3,0,48,26.04
6,10,0,40,12.59
0,6,0,76,10.43
3,5,0,10,38.05
3,10,0,0,33.78
0,8,0,76,7.37
0,8,0,76,4.97
1,5,0,38,24.92
4,9,0,77,2.45
3,2,0,51,25.71
6,10,0,15,23.59
4,6,0,49,21.08
6,3,0,6,37.50
0,7,0,33,24.43
0,5,0,31,27.36
3,4,0,11,37.62
2,4,0,1,43.26
0,9,0,58,9.35
2,3,0,13,38.57
3,1,0,42,30.50
4,7,1,63,2.41
5,2,0,8,36.85
6,3,0,62,14.23
1,1,0,34,32.78
1,1,0,53,24.86
0,8,0,77,6.59
2,10,1,74,0.50
6,7,0,77,2.86
0,3,0,49,25.08
0,5,1,13,24.36
1,9,0,32,22.80
5,8,0,78,0.91
6,5,1,29,14.90
6,9,0,15,23.08
6,7,0,36,19.66
1,4,0,69,14.94
6,7,0,29,20.25
5,2,0,27,29.71
0,9,0,18,28.63
6,5,0,7,32.62
1,9,0,8,31.56
0,2,0,60,22.57
1,6,0,42,22.35
2,5,0,10,35.55
0,5,0,32,27.41
6,10,0,63,2.20
6,9,0,3,29.86
6,2,0,77,10.90
0,5,0,36,27.78
1,4,0,31,31.46
4,1,0,22,36.05
4,2,1,69,6.30
2,10,0,41,16.27
5,9,0,58,7.77
1,6,0,21,30.20
5,3,0,17,29.93
6,4,0,0,36.65
4,8,0,57,13.45
1,5,0,51,18.28
0,4,0,11,38.73
6,6,0,31,20.45
3,10,0,53,12.16
1,2,0,4,43.53
2,5,0,11,36.88
6,5,0,37,22.46
6,2,0,76,10.69
4,8,1,62,0.50
2,9,0,73,5.68
0,3,0,62,17.54
2,6,0,26,26.83
2,7,0,72,8.47
2,8,0,15,30.75
6,10,0,72,0.96
5,5,0,69,9.65
3,4,0,61,17.66
2,10,0,77,1.56
5,9,0,16,24.41
1,4,0,31,27.84
5,5,0,66,9.82
4,8,0,67,9.40
2,3,0,4,41.90
0,7,0,26,25.12
5,5,0,7,32.96
2,1,0,15,40.40
4,5,0,20,32.11
5,1,0,49,23.07
1,7,0,40,19.84
2,8,1,2,23.90
2,1,0,50,26.17
5,10,0,9,24.32
0,1,0,78,16.05
1,1,0,26,36.77
3,10,0,42,16.82
5,9,1,74,0.50
0,4,1,21,22.24
5,9,0,27,19.09
2,1,0,79,15.21
6,7,0,23,22.73
2,5,0,67,12.90
1,6,0,34,25.32
5,1,0,65,17.24
2,5,0,2,40.50
1,7,0,50,18.32
1,2,0,31,32.66
5,1,0,44,23.98
6,9,0,59,6.22
4,5,0,63,16.48
5,2,0,46,22.90
1,2,0,16,37.23
6,6,0,23,26.09
2,4,0,75,12.34
2,8,0,3,33.51
6,6,0,4,32.45
3,4,0,78,9.64
5,4,0,77,5.25
4,6,0,3,38.15
6,3,0,56,16.55
2,6,0,9,34.77
0,7,0,55,16.80
5,3,0,12,34.24
6,2,0,11,34.01
0,8,0,22,26.62
5,1,0,0,39.57
0,5,0,47,21.30
3,6,0,43,21.83
2,6,0,38,24.13
1,2,0,25,34.18
4,1,0,30,36.27
2,6,0,16,31.62
3,6,0,8,33.91
1,1,0,29,33.53
3,10,0,33,20.24
6,5,1,59,0.53
1,4,0,38,27.98
4,8,0,66,11.50
4,7,0,24,26.78
2,8,0,62,10.71
2,5,0,56,17.17
4,2,0,62,21.07
4,4,0,36,25.70
5,7,0,6,30.19
3,5,0,48,23.18
0,2,0,12,41.36
4,9,0,54,14.56
5,3,0,34,23.96
5,7,0,60,7.77
4,1,0,57,24.40
1,1,0,20,39.83
1,4,0,35,29.23
2,1,0,0,45.85
0,7,0,39,19.95
1,4,0,28,30.09
0,10,1,61,0.50
2,2,0,9,41.76
0,5,0,59,18.34
2,2,0,25,34.23
4,10,0,52,13.34
0,10,0,55,12.68
5,9,0,49,10.43
1,7,0,28,27.72
1,4,0,58,18.83
4,2,1,40,20.35
1,2,0,72,15.32
5,8,0,32,18.64
4,1,0,78,13.38
5,2,0,37,23.24
5,10,0,42,10.49
0,8,0,32,22.60
0,7,0,6,34.66
1,1,0,27,36.27
6,6,0,58,8.86
4,5,0,31,26.31
3,7,0,30,25.09
1,4,0,20,33.26
1,6,0,38,24.52
0,7,0,73,9.57
0,6,0,52,16.81
3,5,1,65,4.85
5,8,0,14,25.96
3,8,0,20,29.80
4,3,0,12,38.31
6,1,0,62,15.07
0,3,0,49,22.18
5,6,0,23,23.16
4,2,0,71,16.64
5,4,0,41,20.38
5,1,1,21,23.20
4,8,1,39,11.44
5,9,0,25,17.52
5,10,0,65,1.74
5,1,0,69,12.09
0,8,0,39,19.21
6,8,0,37,14.44
0,9,0,42,17.03
6,10,0,5,25.60
1,3,0,36,30.91
3,9,1,34,10.69
3,6,0,36,25.46
4,7,0,52,16.31
1,4,0,26,32.85
0,8,0,10,33.30
0,9,0,53,12.75
0,9,0,19,28.07
1,3,0,60,21.39
3,10,0,36,19.39
2,4,0,68,15.06
2,1,0,61,22.14
0,1,0,1,44.53
4,3,0,28,32.48
5,7,0,55,10.27
5,7,0,40,16.73
2,6,0,24,28.77
5,2,0,68,12.17
2,2,0,36,29.13
3,9,0,59,12.13
4,7,0,29,24.60
6,5,0,66,8.51
0,6,0,36,22.63
1,1,0,61,23.92
6,9,1,22,11.75
5,6,0,71,6.82
3,10,0,15,25.25
5,9,0,42,12.62
3,4,0,48,23.96
2,9,0,69,7.74
3,5,0,59,16.87
2,6,0,24,28.15
3,6,0,41,24.08
2,6,1,75,0.50
6,9,1,66,0.50
1,8,0,72,6.14
0,3,0,70,13.89
3,9,0,38,19.45
1,5,0,7,39.29
2,2,0,33,32.97
0,9,0,29,21.73
1,8,0,52,14.71
3,8,1,54,6.13
1,1,0,1,45.83
6,5,1,48,4.63
1,2,0,18,38.26
4,8,0,60,11.39
6,6,0,37,20.43
6,8,0,45,12.52
6,8,0,16,22.99
4,3,0,30,33.46
1,1,0,5,44.57
2,3,0,41,25.69
1,4,0,28,30.04
1,4,0,71,12.06
6,10,0,22,19.17
3,8,0,0,37.92
5,2,0,64,15.64
0,5,0,16,33.70
1,10,0,2,30.65
0,9,1,55,3.08
4,2,0,9,43.21
6,9,0,69,1.95
0,5,0,66,14.48
5,7,0,72,3.03
4,7,0,44,20.36
0,8,0,1,33.88
4,2,0,35,29.54
4,9,0,54,13.50
5,6,0,32,23.10
4,2,0,33,30.49
0,6,1,37,16.17
3,2,0,52,24.78
6,8,0,73,0.50
2,1,0,55,24.29
0,3,0,27,33.20
4,4,0,58,17.33
0,9,0,59,10.11
0,4,0,44,23.94
2,6,0,55,16.23
2,5,0,47,23.42
6,1,1,12,28.24
1,6,1,65,2.10
0,2,0,40,29.77
6,3,0,18,30.29
1,4,0,7,39.76
2,5,0,72,9.90
4,8,0,8,33.46
5,3,1,27,17.36
3,5,0,40,23.28
4,1,0,73,18.29
6,4,0,17,30.52
0,1,0,30,32.78
2,2,0,48,26.91
4,7,0,59,14.55
5,1,1,53,10.87
5,6,0,30,22.70
5,3,0,51,19.06
0,6,0,72,10.51
4,1,0,66,21.58
5,8,1,79,0.50
2,3,0,69,17.66
6,6,0,16,27.98
4,10,0,41,18.26
0,3,0,0,44.48
4,3,0,9,38.02
3,1,0,8,44.48
1,8,0,55,15.29
6,6,0,72,5.84
5,5,0,48,15.25
1,2,0,32,32.44
1,6,0,42,22.91
6,1,0,33,27.35
6,10,0,77,0.50
3,5,0,2,40.40
1,4,1,54,10.46
2,4,0,68,13.72
3,5,0,36,26.19
2,6,0,8,35.16
6,8,0,26,19.55
5,2,0,54,17.08
5,3,0,61,14.11
6,3,0,59,13.64
4,5,0,60,15.44
1,8,0,14,30.21
0,9,0,56,12.62
4,3,0,32,31.07
1,8,0,25,25.60
4,5,0,12,37.59
1,8,0,13,29.98
5,10,0,5,26.67
2,7,0,4,34.62
1,2,0,40,29.85
6,8,0,37,14.51
2,2,0,3,42.34
5,2,0,59,17.88
6,2,0,48,19.89
5,1,0,2,41.83
6,4,0,65,9.93
2,8,0,28,23.84
2,3,1,66,8.55
0,6,0,65,14.02
5,6,0,34,19.21
6,3,0,20,29.21
5,6,0,74,2.86
3,2,0,13,40.99
0,6,0,74,7.59
4,3,0,78,13.39
1,6,0,49,19.41
3,10,0,28,20.32
4,1,0,29,36.31
4,9,0,42,18.12
4,8,0,44,19.70
2,2,0,27,32.32
4,6,0,39,24.35
4,8,0,68,6.84
3,8,0,71,7.10
3,6,0,65,12.68
2,9,0,58,12.74
2,1,0,35,34.46
0,5,0,37,26.02
4,1,0,42,30.71
4,3,0,39,28.25
5,6,1,26,14.76
4,3,0,52,23.28
2,8,1,58,2.25
6,6,0,40,19.86
0,7,0,24,29.89
0,4,0,47,22.39
0,7,0,70,9.44
4,4,0,13,35.91
0,4,1,71,5.44
5,9,0,38,14.49
4,6,0,5,36.46
5,8,0,11,27.44
5,1,0,16,35.35
4,10,0,5,31.84
5,4,0,67,10.56
0,2,0,18,39.10
5,6,0,4,32.06
2,10,0,30,22.22
2,6,0,75,9.46
6,1,0,54,19.06
2,6,0,58,14.92
4,9,0,63,9.85
6,8,0,60,5.52
4,9,0,38,17.41
3,9,0,73,5.76
5,3,0,23,31.08
0,8,0,72,6.20
3,9,0,12,31.66
6,5,0,4,34.52
0,2,0,8,41.60
5,7,0,54,10.73
6,4,0,19,28.96
0,5,1,24,21.06
6,8,0,20,23.60
1,7,0,65,10.42
3,5,0,23,32.65
4,8,0,65,11.73
1,10,1,75,0.50
0,7,0,52,15.72
4,9,0,65,8.62
4,5,0,46,20.52
1,1,0,75,15.47
5,9,1,73,0.50
1,3,0,48,25.11
0,8,0,21,27.53
4,4,1,6,30.83
6,6,0,63,7.09
1,4,0,14,38.35
5,9,0,35,15.03
3,6,0,41,21.56
1,1,0,5,45.57
0,9,0,4,32.54
0,9,1,2,25.67
0,10,0,3,33.05
5,6,0,65,8.44
4,6,1,20,21.08
3,9,1,13,19.60
4,4,0,60,17.36
6,5,0,20,28.88
6,1,0,30,30.32
4,7,0,28,26.14
5,2,0,76,8.89
0,6,0,39,22.92
2,10,0,32,22.09
6,6,1,31,12.03
1,4,0,61,15.63
4,10,0,63,6.43
5,9,0,66,3.27
5,1,0,67,14.55
2,8,0,72,8.62
1,10,0,52,14.13
6,7,0,70,3.15
6,7,0,67,7.47
3,3,0,15,38.09
2,10,0,14,26.15
1,2,0,59,22.12
0,7,0,47,17.48
2,5,0,57,18.74
1,7,0,19,31.57
3,8,0,75,4.60
2,9,1,20,15.06
1,2,0,62,18.84
3,7,0,4,35.46
1,10,1,74,0.50
4,10,0,53,11.74
1,2,0,67,18.04
2,8,0,35,21.56
2,10,0,71,5.04
3,5,0,3,38.71
4,1,1,64,10.76
1,2,0,3,44.53
6,8,0,63,7.15
3,5,0,39,24.15
6,2,0,76,7.69
4,9,0,41,17.63
6,10,0,19,22.18
4,8,0,45,17.88
5,4,0,44,20.01
4,8,0,7,33.78
4,3,0,19,36.83
0,5,0,18,32.38
2,2,0,75,15.91
6,3,0,65,13.15
6,10,0,21,21.17
1,8,0,44,17.43
4,2,0,75,14.50
5,10,0,74,0.50
4,7,0,9,31.91
6,9,0,5,25.71
0,4,0,22,31.37
0,9,0,52,13.72
4,4,0,48,23.03
1,1,0,50,26.56
3,5,0,46,23.18
4,10,0,61,9.30
6,2,0,77,11.09
2,1,0,68,19.95
0,4,0,3,42.71
2,10,0,29,22.19
3,8,0,53,16.68
6,10,0,18,20.46
3,10,0,63,8.95
3,2,0,2,45.92
3,7,0,10,34.60
6,10,1,55,0.50
4,10,0,12,27.51
3,6,0,63,14.85
6,3,0,77,7.79
6,1,0,68,14.13
1,1,0,59,22.90
1,8,0,70,7.63
5,4,0,76,7.53
4,4,1,65,5.91
0,5,0,63,13.83
6,8,0,33,19.27
0,8,0,6,34.32
2,2,0,21,38.36
0,4,0,40,24.93
0,5,0,33,25.63
0,7,0,20,27.69
5,6,0,10,28.12
2,1,0,38,32.67
3,6,1,62,6.16
5,9,0,30,17.71
0,8,1,15,19.49
1,7,0,21,27.33
0,1,1,54,14.72
5,1,0,10,38.48
2,9,0,56,12.99
0,10,0,47,12.77
0,1,0,73,16.53
1,3,0,71,14.81
2,9,1,48,5.18
0,10,0,49,12.88
5,2,0,79,7.89
2,3,0,11,40.29
6,2,0,61,14.08
2,7,0,51,16.09
6,8,0,28,20.94
0,1,1,52,13.99
3,5,0,51,19.96
2,2,0,52,25.61
0,6,0,34,27.21
4,2,0,37,30.23
3,2,0,37,29.21
4,9,0,30,20.62
0,6,0,59,14.48
1,3,1,16,26.11
2,6,1,27,17.26
0,7,0,2,38.17
5,8,0,41,13.14
3,5,0,63,14.68
2,3,0,20,34.61
1,2,0,19,39.08
1,4,0,25,31.71
6,4,0,7,32.61
2,7,0,1,36.01
4,6,0,71,10.27
6,10,0,40,10.84
3,9,1,53,1.48
4,1,0,6,45.52
4,2,0,64,20.41
6,3,0,53,15.80
6,2,0,17,34.21
0,5,0,17,33.27
0,6,0,77,6.24
2,9,0,13,30.58
0,2,1,40,20.02
6,1,0,55,17.53
0,9,0,60,9.72
5,9,0,2,28.21
1,3,0,79,13.56
3,10,1,12,17.11
0,7,0,37,23.42
3,3,0,69,16.44
3,7,1,56,6.20
0,3,1,4,33.11
1,1,0,43,29.12
5,4,0,21,28.50
0,10,0,70,3.96
3,5,0,36,26.99
3,10,0,33,18.40
5,8,1,32,7.05
4,1,0,50,26.92
5,8,1,46,3.35
2,6,0,56,16.40
4,5,0,27,29.52
5,7,0,20,25.13
5,7,0,21,26.01
5,5,0,11,32.16
5,7,0,17,24.66
5,9,1,30,6.34
3,6,0,60,16.75
0,6,0,47,21.97
5,9,0,44,11.54
2,4,0,53,22.43
0,6,0,79,5.68
1,1,0,76,17.98
2,2,0,44,29.10
4,6,0,50,17.67
1,5,1,62,4.39
6,7,0,24,23.56
3,8,0,60,11.65
0,4,0,29,29.10
6,6,0,63,10.74
2,5,0,28,29.81
5,4,0,63,10.37
0,8,0,22,28.93
1,4,0,50,23.49
5,2,0,67,11.28
1,4,0,59,18.29
6,6,0,12,30.00
3,1,0,16,39.59
5,9,1,45,1.41
0,3,0,19,35.98
1,6,0,61,14.25
4,8,0,70,7.43
0,9,0,48,13.63
0,1,0,20,40.46
4,9,1,7,22.20
6,1,0,41,26.83
2,4,0,75,10.27
2,8,0,18,27.72
0,6,0,16,32.46
6,6,0,78,1.14
4,3,0,4,42.95
1,5,0,34,27.05
6,8,1,34,9.32
2,9,1,50,5.08
1,10,0,34,18.00
6,10,0,63,1.36
3,4,0,59,19.80
0,5,0,43,22.31
4,6,0,46,22.15
3,2,0,44,27.01
3,4,0,24,30.49
5,1,0,0,43.30
5,7,0,41,17.53
6,3,0,24,30.12
2,4,0,28,29.72
0,1,0,20,38.59
2,2,0,20,38.04
2,1,0,33,34.37
3,10,0,77,0.59
5,4,0,52,17.86
1,1,0,62,21.41
0,10,1,34,7.95
0,4,0,44,23.00
0,1,0,48,25.66
2,3,0,2,40.73
6,6,0,61,8.01
0,6,0,24,31.35
3,9,0,8,31.20
3,6,0,52,19.68
2,4,0,13,38.08
6,10,0,78,0.50
5,4,1,21,20.15
3,1,1,0,38.08
3,8,0,36,21.00
3,5,0,11,36.63
0,9,0,33,20.39
3,7,0,29,24.32
2,2,0,46,25.48
6,8,0,70,3.71
3,4,0,57,17.26
0,4,0,65,17.37
1,2,0,31,32.39
2,7,0,70,9.61
3,10,0,74,2.01
2,5,0,32,26.29
3,2,1,47,14.41
2,6,0,28,29.16
3,8,0,3,35.19
2,7,1,17,21.04
5,9,0,9,27.64
6,9,0,55,8.79
1,9,0,69,6.72
2,5,0,16,32.57
4,6,0,57,15.38
6,2,0,61,15.99
2,4,0,15,37.72
1,5,0,46,23.70
0,5,0,55,16.81
5,3,1,55,7.25
0,4,0,35,29.77
4,1,1,33,23.79
2,4,0,1,40.92
1,9,0,40,19.45
6,8,0,63,5.22
1,7,0,1,35.75
3,7,0,3,35.97
2,10,0,74,2.51
5,10,0,77,0.50
2,4,0,77,12.55
4,8,0,32,24.44
2,10,0,22,25.72
2,1,0,35,33.67
6,1,1,48,10.79
5,6,0,13,28.03
2,5,0,74,11.97
0,6,0,64,13.26
2,6,1,20,20.90
3,5,0,22,29.93
5,1,0,12,36.35
6,4,0,45,17.83
2,7,0,31,23.70
5,5,0,73,5.97
1,3,0,3,42.10
1,9,0,77,2.61
5,6,0,18,27.80
4,3,0,72,13.12
0,2,0,0,43.85
1,1,0,25,38.31
5,3,0,62,11.84
3,6,0,76,8.58
6,1,0,38,26.17
5,7,0,18,23.73
4,4,0,28,30.14
0,10,0,6,29.57
0,3,0,16,37.40
1,2,0,14,41.21
1,4,0,13,36.44
3,6,1,11,25.58
4,2,0,32,30.90
6,4,0,27,24.65
5,6,0,6,30.96
1,8,0,18,29.31
0,2,0,3,43.77
3,9,0,22,25.33
3,10,0,41,16.95
0,5,0,49,21.69
1,1,0,78,16.43
6,10,1,59,0.50
5,1,0,79,10.03
0,7,0,37,23.84
5,9,0,41,13.39
3,5,0,28,29.35
5,5,1,37,11.93
1,4,0,47,24.78
0,2,0,29,31.62
6,5,0,38,18.81
5,2,0,53,20.07
6,6,0,3,33.07
0,8,0,36,19.70
2,8,0,32,24.56
2,4,0,40,26.23
0,5,1,54,10.80
1,4,0,3,38.83
5,3,1,71,0.50
4,4,0,43,24.45
2,3,0,65,18.71
6,2,0,41,24.04
0,5,0,35,26.04
5,7,0,52,11.87
0,1,0,32,35.32
3,7,1,55,4.52
1,8,0,68,9.49
5,6,0,14,28.37
1,1,1,55,15.09
2,6,0,16,33.32
5,5,0,36,19.12
0,7,0,42,19.41
6,4,1,54,3.68
3,5,0,24,30.72
0,5,1,73,1.77
4,5,0,75,10.19
0,10,0,35,19.60
1,3,0,56,22.60
2,2,1,22,25.20
5,7,0,48,13.53
5,3,0,3,36.20
0,8,0,37,20.18
4,2,0,2,43.55
5,10,0,14,23.95
2,2,0,70,18.94
5,2,1,1,31.30
6,10,0,78,0.50
3,4,1,72,2.07
4,10,0,37,17.93
4,10,0,45,13.08
5,3,0,56,15.24
1,3,0,51,22.69
1,9,0,71,7.26
0,6,0,52,19.36
6,7,0,66,5.14
3,3,0,2,42.17
1,2,0,47,27.63
0,2,0,62,21.16
1,9,0,76,5.89
6,5,0,73,5.62
2,4,0,32,27.83
0,1,0,55,23.21
1,10,0,68,6.53
1,10,0,54,10.38
2,10,0,1,33.23
0,4,0,74,10.58
1,1,0,65,21.06
1,6,0,37,25.20
2,3,0,79,10.06
1,8,0,11,29.96
1,9,1,32,12.10
4,3,0,31,32.57
3,2,0,65,20.40
4,10,0,50,13.85
5,9,0,12,24.12
3,8,0,74,5.73
5,9,0,10,26.64
6,9,0,38,15.44
5,10,0,70,0.76
6,8,0,63,4.59
4,4,1,63,5.60
1,8,0,43,19.05
1,9,0,1,32.54
6,3,1,23,18.96
2,7,0,57,14.12
2,2,0,11,39.75
0,3,1,7,31.79
5,10,0,35,15.54
0,2,0,36,29.94
0,9,0,35,20.19
1,10,1,69,0.50
6,3,1,59,6.18
3,3,0,70,14.51
6,5,0,11,29.61
4,9,0,40,19.78
1,8,0,8,34.03
2,4,0,18,34.43
0,9,0,22,24.99
5,6,0,66,7.70
4,5,0,58,18.98
2,6,0,72,10.05
5,2,0,70,11.41
3,3,0,34,31.45
3,3,0,1,41.38
0,10,0,77,2.10
4,6,0,23,28.15
1,5,0,1,38.44
1,5,0,16,33.62
4,2,1,68,6.58
2,5,0,17,31.92
3,9,0,69,6.74
2,1,0,33,33.51
6,10,0,40,12.35
6,6,0,34,22.02
3,7,0,29,27.77
1,6,0,73,9.57
5,7,0,69,6.68
0,6,1,44,11.92
1,2,0,2,46.10
5,4,1,45,8.11
0,5,0,41,23.96
0,9,0,48,16.67
3,6,0,12,33.54
2,2,0,27,34.89
6,1,0,63,16.47
6,2,0,64,15.73
0,8,1,75,0.50
6,4,0,19,29.90
6,6,0,78,1.73
4,6,0,61,14.14
1,3,0,65,19.10
0,9,0,16,28.74
3,2,0,48,24.85
1,8,0,8,34.70
1,3,0,78,12.74
0,8,0,17,30.55
2,1,0,73,16.63
5,8,0,37,16.65
4,1,0,74,15.48
5,7,0,47,14.56
1,7,0,57,14.46
1,9,0,27,23.69
2,2,0,5,44.95
5,10,0,63,1.43
2,3,0,63,16.92
3,10,1,20,16.41
6,1,1,40,13.69
0,3,0,21,37.07
4,10,0,65,6.67
2,1,0,0,44.76
6,5,0,46,18.24
0,2,1,3,35.21
0,8,0,69,9.13
0,3,1,51,12.40
6,8,0,61,7.15
3,1,0,62,21.33
5,8,0,1,29.96
2,6,0,56,14.76
3,10,1,16,16.97
6,10,0,27,16.07
3,6,0,62,16.14
0,7,0,78,5.34
6,4,0,36,23.81
5,2,0,13,36.41
6,6,0,28,23.96
1,9,0,2,34.52
6,1,0,0,40.11
6,9,0,36,15.29
4,7,0,75,5.68
6,7,1,16,14.50
1,8,0,75,6.47
1,6,0,61,15.60
0,3,0,9,40.76
6,3,0,70,10.85
0,9,0,79,1.61
6,5,1,29,15.14
4,6,0,68,10.60
2,2,0,55,24.23
5,5,0,0,35.06
2,6,0,62,12.67
0,1,0,75,18.30
1,10,0,37,17.00
1,3,0,36,29.59
6,4,0,77,6.93
2,1,0,26,35.00
0,6,0,8,35.19
5,1,0,22,34.22
0,3,0,24,33.04
0,5,0,76,8.32
5,10,0,28,15.19
1,4,0,73,11.65
4,1,1,41,18.36
3,10,0,60,9.82
1,8,1,14,22.07
6,6,0,71,5.78
5,6,0,45,15.83
0,4,0,41,25.34
0,5,0,50,22.13
3,4,0,56,21.52
2,10,0,12,26.28
0,7,0,43,19.65
5,10,0,53,5.18
6,1,0,60,15.54
0,3,0,25,32.01
2,10,0,58,11.78
6,2,0,73,10.43
6,3,0,22,31.08
0,8,1,9,22.33
5,7,0,33,19.36
5,5,0,70,6.43
0,9,0,66,7.39
0,8,0,38,21.22
5,7,0,65,7.25
0,7,0,45,19.65
0,1,0,47,27.39
1,7,0,0,39.27
4,3,0,8,40.69
0,3,0,50,25.15
0,4,1,36,19.26
3,3,0,57,20.43
6,1,0,38,25.66
1,4,0,3,42.46
3,4,0,40,26.21
1,1,0,12,41.32
3,5,0,53,18.42
4,6,0,63,15.12
5,10,0,63,4.54
5,4,0,33,22.09
2,3,0,16,38.46
5,6,1,18,16.88
5,8,0,63,6.08
0,5,0,15,33.84
6,10,0,21,17.82
2,10,0,65,7.71
2,2,0,21,35.70
6,2,0,50,21.14
4,8,0,6,31.76
3,1,0,16,41.95
6,6,0,11,30.20
2,9,0,2,35.51
3,1,0,51,25.63
5,8,0,10,28.85
6,7,0,78,2.36
6,2,0,24,32.00
1,3,0,47,26.56
3,4,0,28,30.73
6,7,0,46,12.49
1,7,0,52,18.58
6,1,0,3,38.92
5,7,0,6,29.84
3,1,0,28,36.51
4,7,0,67,8.81
0,4,0,79,10.72
3,7,0,47,16.85
1,10,0,47,14.19
6,4,0,56,15.36
2,8,0,61,10.90
3,8,0,66,10.56
3,6,0,64,13.15
6,6,0,28,21.51
2,7,0,5,35.98
3,3,0,9,40.98
0,7,0,63,11.37
4,3,0,27,30.80
5,5,0,59,10.57
6,9,0,8,26.11
2,8,0,11,32.87
5,3,0,28,28.62
0,3,0,6,42.38
1,8,0,58,11.10
0,7,1,55,5.77
1,10,0,55,12.46
1,6,0,10,35.98
3,6,0,14,33.15
3,2,0,19,36.79
0,10,0,67,7.27
5,6,0,27,24.72
3,9,0,61,10.54
6,10,1,21,11.14
6,2,0,41,25.45
3,8,0,24,26.18
4,3,0,65,16.18
2,7,0,42,21.82
5,6,0,11,30.67
5,9,0,74,0.50
4,2,0,69,16.46
2,3,0,53,20.62
4,5,0,73,9.47
6,7,0,40,16.68
0,3,0,62,20.04
3,4,1,41,14.16
6,6,0,3,31.40
3,5,0,67,12.44
2,3,0,37,30.26
2,1,0,50,24.95
5,1,0,71,11.46
4,5,0,23,30.99
1,9,0,2,33.13
2,7,0,16,29.14
3,5,0,50,20.80
3,10,0,7,31.42
1,4,0,15,37.07
5,6,0,72,4.40
1,10,0,8,29.97
0,10,0,42,16.87
6,9,0,48,8.83
2,3,1,55,13.22
5,3,0,28,26.95
2,8,0,79,3.48
1,2,0,73,14.17
2,6,0,18,30.35
6,10,0,49,7.59
5,9,1,30,8.14
5,9,0,29,19.32
4,2,0,41,27.43
1,3,0,45,24.11
3,6,1,68,3.01
2,9,0,27,22.27
1,2,1,53,15.64
5,4,1,4,26.01
5,9,0,23,19.48
4,7,0,63,11.25
6,9,1,7,18.59
6,3,0,50,17.65
6,2,0,0,38.64
6,3,0,12,33.14
4,10,0,44,13.76
0,10,0,42,16.78
0,6,0,40,23.16
3,8,0,29,23.90
1,5,0,58,16.70
1,5,0,23,29.80
0,10,0,55,10.01
2,4,1,55,11.81
6,2,0,5,39.33
2,5,0,4,40.77
6,4,0,59,14.99
3,6,0,29,29.29
2,9,0,41,20.03
6,10,0,17,20.09
5,6,0,20,26.44
5,1,0,73,13.12
4,1,0,22,37.62
5,7,0,49,11.32
4,1,1,58,11.75
2,3,0,1,43.93
3,2,0,42,27.90
4,6,0,59,14.71
0,9,1,74,0.50
5,4,0,26,25.27
6,8,0,33,16.09
2,3,0,8,41.86
4,4,0,8,37.22
3,10,0,72,5.65
5,7,0,35,17.65
0,9,0,67,6.93
5,3,0,74,10.15
6,10,0,27,16.23
1,4,0,67,13.24
4,10,0,46,15.87
4,2,0,22,34.91
0,8,0,8,33.37
5,8,0,75,1.96
3,7,0,75,8.66
2,1,0,69,19.80
3,6,0,54,18.26
6,8,0,10,26.21
4,3,0,5,42.59
0,3,0,55,21.07
1,7,0,51,15.81
4,3,1,17,26.46
1,4,0,0,43.76
4,8,0,39,19.85
2,8,0,45,16.58
6,5,0,35,21.55
1,1,0,62,23.38
0,10,0,60,8.33
3,3,0,72,14.01
4,10,0,42,17.19
0,7,0,21,28.32
1,7,1,41,12.88
2,9,0,36,18.28
4,3,1,24,24.00
2,9,0,77,5.66
6,1,0,45,22.00
6,3,0,11,35.17
2,4,1,17,27.15
4,5,0,46,22.11
1,9,0,24,23.52
3,6,0,63,13.91
6,3,0,32,24.46
2,2,1,56,14.41
4,5,0,23,32.03
0,1,0,55,22.99
4,3,0,18,36.32
1,9,0,78,5.28
5,4,0,27,24.39
3,9,0,25,25.56
6,5,0,61,11.40
6,10,0,27,17.51
4,3,0,71,16.84
3,10,0,35,17.60
1,1,0,3,44.46
2,1,0,59,23.64
1,4,0,54,19.85
5,9,0,51,7.71
3,4,1,23,24.76
1,1,0,50,27.17
6,1,0,14,34.39
0,7,0,41,22.10
1,9,0,59,10.85
6,9,0,33,15.03
3,2,1,13,29.88
2,3,0,46,24.00
6,3,0,41,23.11
2,2,0,2,45.97
0,4,0,6,40.85
0,7,0,11,34.59
4,10,0,46,14.05
2,9,0,36,20.64
1,5,0,5,36.72
1,2,0,25,35.90
4,1,0,15,41.46
6,1,0,72,13.26
3,9,0,24,23.46
3,2,0,48,24.38
2,3,0,9,39.75
0,2,1,57,10.79
2,6,0,2,38.12
3,5,0,25,29.17
2,7,0,5,34.03
5,5,0,79,2.10
0,5,1,65,2.55
1,4,0,69,15.31
6,5,0,78,5.93
5,1,1,23,20.90
4,10,0,72,2.72
1,6,0,75,10.27
6,6,0,77,2.78
1,4,0,8,39.92
4,8,0,66,9.19
3,5,1,19,21.68
0,4,0,73,12.61
5,9,0,37,13.55
5,10,0,19,19.85
0,10,1,2,21.63
3,10,0,68,5.52
3,6,0,7,35.21
2,6,0,41,23.35
5,8,0,8,26.65
2,7,0,24,28.34
0,10,0,30,22.24
0,6,0,51,19.26
5,7,0,77,1.10
2,9,0,41,17.22
5,7,0,32,19.40
1,8,0,19,29.76
6,3,0,62,12.43
2,9,0,28,21.32
6,7,0,53,9.80
0,8,0,16,30.83
2,5,1,56,8.10
4,5,0,24,30.52
5,5,0,76,3.41
5,2,0,5,36.86
5,4,0,7,35.57
4,1,0,75,14.70
5,10,0,53,5.72
3,3,0,39,29.26
1,4,0,11,37.76
5,3,0,58,15.52
3,9,0,69,5.67
0,7,0,67,11.34
6,4,0,10,34.62
0,6,0,42,20.41
0,2,0,54,23.37
3,3,1,10,31.47
1,3,1,19,26.06
2,3,0,11,39.39
5,5,1,43,9.12
4,6,0,70,12.15
0,4,0,74,13.74
4,6,0,38,23.04
4,3,1,46,13.33
4,3,0,39,27.38
0,8,0,55,12.89
3,5,0,67,13.65
6,10,0,49,9.77
5,7,0,8,30.89
0,10,0,79,0.50
0,8,0,17,27.57
0,2,0,39,30.35
2,8,0,68,10.63
6,8,0,73,1.81
4,5,0,55,17.94
3,8,0,29,23.36
6,4,0,62,12.82
1,9,0,34,20.06
2,3,0,19,36.85
6,2,0,61,16.17
5,4,0,78,6.57
6,3,0,1,36.89
0,5,0,70,13.10
6,9,0,0,27.67
4,7,0,57,13.10
4,4,0,26,32.32
2,7,1,76,0.50
4,4,0,14,36.51
6,8,0,60,6.16
3,3,1,31,21.88
0,4,0,28,29.00
3,6,0,4,35.56
0,5,0,47,20.24
6,6,0,66,8.26
2,1,0,73,17.18
5,9,0,25,21.15
5,8,0,76,2.03
6,10,0,63,2.89
5,3,0,57,14.59
5,9,0,33,17.25
1,6,0,62,12.88
4,7,0,79,5.79
5,2,0,51,20.56
1,7,0,27,27.45
2,10,0,56,9.50
5,4,0,52,16.22
3,6,0,47,19.65
6,5,0,39,21.16
1,5,0,50,19.85
1,4,1,30,20.38
6,5,0,19,29.53
6,8,0,71,3.32
3,1,0,4,45.06
3,5,0,58,18.14
0,3,0,63,17.12
3,8,1,48,8.10
4,3,0,47,23.50
3,1,0,0,46.98
3,4,0,67,13.63
5,2,1,77,0.64
6,4,0,16,32.56
4,3,0,6,39.59
4,8,0,69,7.14
6,7,0,22,23.78
6,8,0,24,22.42
5,6,0,77,3.37
4,4,0,68,15.35
5,10,0,29,15.78
5,1,0,60,15.68
6,10,0,56,5.29
0,9,0,7,29.93
1,9,0,33,22.97
2,6,1,21,21.99
3,4,0,63,17.20
2,7,0,55,14.59
0,10,0,12,30.14
4,7,0,36,22.17
0,8,0,30,25.59
5,10,0,67,3.17
0,3,0,66,18.29
2,9,0,48,14.79
5,3,0,18,29.73
3,8,0,17,27.40
6,5,1,64,0.50
0,7,0,11,31.19
3,3,1,45,16.65
4,8,0,36,22.28
0,6,0,77,8.03
5,1,0,14,37.07
6,10,1,46,0.50
3,1,0,77,15.52
4,8,0,58,12.64
1,8,1,67,0.50
0,3,0,53,22.25
4,3,0,70,15.26
2,6,0,28,28.23
6,1,0,65,14.47
5,7,0,54,9.28
2,2,0,78,13.25
1,6,0,24,27.73
6,8,0,57,7.43
4,6,1,65,2.49
6,3,0,42,23.46
1,8,1,76,0.50
0,6,0,8,37.03
1,7,0,0,39.19
1,1,0,7,43.85
6,9,0,31,16.09
2,7,0,21,27.17
6,9,0,19,23.29
6,3,0,40,23.22
3,7,0,66,11.44
1,6,0,34,25.57
5,3,0,35,23.08
5,10,0,39,13.56
4,3,1,65,7.09
4,9,1,37,9.27
1,9,0,75,5.32
1,1,0,74,17.02
3,10,1,40,5.03
6,9,0,49,10.65
1,8,0,29,23.99
6,9,0,4,28.73
4,9,1,19,16.24
4,3,0,70,16.35
3,6,1,29,18.33
1,9,0,71,5.90
5,2,0,62,16.03
3,9,0,47,15.04
3,7,0,18,29.76
0,9,0,13,30.72
2,9,0,9,29.90
0,5,0,40,22.79
3,5,0,4,38.79
1,5,0,69,12.98
4,2,0,17,38.80
1,3,0,0,43.60
2,2,0,57,21.66
5,7,0,78,1.36
3,3,0,7,39.12
5,6,0,8,32.11
4,5,0,13,34.39
6,7,0,62,8.97
5,8,0,28,19.59
5,7,0,16,27.73
1,5,0,69,14.30
5,2,0,11,36.52
5,6,0,7,30.62
0,6,0,47,18.96
3,3,0,35,27.92
1,7,0,7,33.59
1,3,0,38,28.01
5,1,0,51,21.48
2,3,0,14,37.42
5,4,0,74,7.13
0,9,0,38,17.92
2,5,0,8,39.05
0,8,1,56,4.46
2,10,1,46,3.18
0,8,0,26,23.63
4,4,0,13,37.72
0,8,0,40,19.08
4,9,0,34,20.33
6,6,0,45,17.59
0,1,0,62,21.53
4,1,0,61,20.38
6,1,1,69,5.03
1,2,0,36,30.21
3,9,0,57,13.64
1,9,0,76,2.62
4,10,0,37,19.77
2,8,0,1,35.61
4,9,0,29,21.51
1,7,0,7,36.06
5,5,0,8,30.53
3,2,1,62,9.56
6,5,0,0,36.72
2,9,0,24,24.52
4,5,0,2,38.73
4,4,0,45,22.38
3,5,0,37,26.73
2,9,0,34,22.07
2,6,0,44,19.75
6,4,0,57,15.44
0,2,0,45,25.61
0,2,0,21,37.30
1,10,0,55,9.15
5,6,0,74,2.43
1,1,0,64,19.23
4,8,0,28,26.53
0,7,0,14,31.30
3,9,1,26,14.82
0,9,0,39,18.79
2,10,0,66,6.24
5,6,0,3,31.88
1,5,0,46,20.11
6,3,0,44,19.96
4,10,0,32,21.61
5,3,0,17,32.92
5,2,0,71,10.37
5,8,0,25,22.48
1,6,0,23,31.41
3,5,0,19,33.10
6,9,1,70,0.50
0,2,0,68,17.32
6,5,0,13,28.80
1,10,0,28,21.21
1,10,0,64,7.67
2,8,0,13,28.87
6,10,0,64,3.17
5,10,0,36,15.11
1,2,0,0,46.12
1,7,0,24,26.05
2,8,1,61,0.50
6,2,0,62,13.82
2,6,0,70,9.13
4,7,0,25,27.27
1,1,0,2,47.36
0,10,0,4,32.64
5,5,0,73,4.44
5,3,1,5,24.71
5,6,0,23,24.38
3,1,0,43,29.05
3,8,0,23,26.02
2,3,1,70,4.54
3,1,0,20,38.64
6,2,0,44,20.78
0,1,0,57,23.23
0,2,0,45,26.92
6,8,0,74,0.69
0,1,0,51,26.12
0,6,0,36,22.82
0,8,0,1,35.09
2,10,0,26,22.94
2,9,0,76,2.66
1,10,0,35,20.36
1,3,0,6,40.44
0,6,0,5,35.28
3,4,0,62,18.31
0,2,0,79,13.11
2,9,0,58,11.92
5,10,0,42,10.53
5,10,0,43,9.01
4,1,0,16,38.35
5,1,0,76,12.11
2,2,0,66,19.01
3,1,0,44,27.11
6,8,0,40,15.82
3,1,0,36,32.81
3,9,0,60,12.11
1,7,0,45,17.64
2,8,0,21,26.90
0,5,0,65,15.74
0,1,0,30,32.75
3,1,0,46,28.55
4,8,0,17,27.33
3,10,0,14,26.04
6,4,0,64,11.72
3,5,0,10,37.69
6,2,0,7,35.48
6,10,0,75,0.50
2,10,0,65,7.10
4,8,0,68,10.31
1,5,0,18,32.77
5,8,0,63,7.27
0,3,0,41,28.60
0,8,0,41,17.84
0,7,1,25,16.49
2,10,0,58,7.92
3,8,0,39,21.00
2,1,0,44,27.73
2,6,0,16,31.23
3,6,0,74,8.75
5,8,1,78,0.50
0,7,1,21,17.27
0,7,0,34,23.38
0,1,0,17,41.39
4,10,0,41,15.20
3,10,0,19,26.03
4,10,0,12,27.28
5,5,0,77,3.27
5,1,0,9,37.47
0,3,0,46,24.63
6,9,0,36,13.57
1,2,0,51,24.66
6,3,0,12,35.01
4,10,1,60,0.50
6,3,0,65,11.34
4,7,0,19,28.98
2,6,0,18,32.45
0,5,0,12,35.55
4,2,0,4,45.26
4,9,0,50,16.14
1,4,0,21,34.32
2,3,0,51,24.94
6,10,0,25,16.17
3,10,0,32,19.94
0,1,0,33,34.94
0,6,0,28,29.64
6,1,1,23,24.28
3,7,0,12,34.65
0,1,0,31,33.28
4,2,0,7,40.31
2,4,0,58,18.84
1,4,0,40,24.77
0,6,0,38,25.79
0,3,0,18,37.41
5,10,0,70,0.50
5,5,1,37,10.41
0,8,0,55,12.75
5,9,0,35,14.25
0,2,0,55,21.86
5,7,0,72,2.34
1,9,0,27,22.92
3,8,0,31,22.39
3,2,0,12,39.12
0,10,0,77,2.14
4,3,0,76,11.66
2,8,1,15,20.92
6,8,0,30,18.85
0,4,0,48,23.02
6,5,0,47,16.73
1,10,0,57,9.77
6,4,0,61,12.56
2,7,0,25,29.23
4,9,0,29,23.47
2,9,0,48,13.92
4,4,1,63,8.71
5,6,1,13,18.08
5,4,0,0,38.28
5,5,0,51,13.30
5,5,0,79,5.02
2,8,0,55,12.07
6,4,0,35,22.68
5,6,0,14,30.06
2,8,0,38,20.71
1,2,0,54,23.68
2,8,0,27,26.48
0,9,0,47,15.51
0,8,0,6,34.97
4,9,0,1,33.31
4,2,0,38,31.38
1,3,0,49,25.26
6,1,0,44,22.28
3,4,0,58,18.76
5,2,0,7,38.83
1,7,0,61,13.96
1,7,0,62,11.56
2,10,0,10,29.14
0,5,0,53,20.79
3,3,0,15,35.72
4,2,0,21,36.69
1,9,0,45,15.23
5,3,0,23,29.72
6,6,0,79,1.58
3,5,1,70,2.30
6,7,0,59,9.99
0,3,0,61,20.10
1,8,1,45,7.38
4,8,0,51,16.66
5,9,0,44,11.00
1,8,1,60,2.67
4,9,0,43,18.89
1,4,0,47,24.91
3,6,0,56,14.75
3,8,0,17,27.23
3,5,1,52,9.55
0,2,0,5,43.46
2,7,1,56,4.12
6,9,1,65,0.50
3,3,0,44,27.73
4,8,0,41,19.40
6,4,0,67,9.76
5,9,0,73,0.50
3,7,0,0,38.65
1,4,0,16,36.01
1,2,0,30,33.76
5,8,0,2,31.91
6,4,0,19,28.03
2,6,0,56,14.87
1,8,0,9,32.07
6,2,0,75,11.34
0,9,0,56,13.76
5,10,0,8,24.69
1,10,0,23,22.77
2,6,0,78,7.17
5,6,0,10,28.09
4,8,1,72,0.50
0,1,0,29,34.58
0,4,0,37,28.90
1,5,0,6,37.26
3,7,0,56,14.96
6,4,0,15,29.32
0,8,0,54,14.70
3,8,0,1,35.79
6,4,0,36,22.68
1,6,0,26,28.07
3,10,0,24,25.08
3,2,0,14,38.91
1,5,0,24,29.52
0,2,0,9,41.44
6,7,0,45,13.20
1,7,0,76,6.21
3,6,0,22,28.23
2,8,0,54,14.61
0,7,0,75,7.73
2,3,0,24,35.78
1,8,0,59,13.85
2,8,0,72,8.25
5,3,0,56,15.03
5,8,0,27,18.31
6,5,0,0,36.70
0,1,0,61,20.70
0,1,0,48,25.59
2,3,0,59,20.88
4,4,0,35,26.96
4,5,0,50,19.38
1,4,0,51,20.65
3,2,0,55,21.24
0,9,0,53,13.97
2,6,0,71,9.93
0,10,0,64,6.02
4,4,1,50,10.32
6,3,0,0,36.81
1,8,0,12,30.41
6,9,0,67,2.68
1,4,0,63,15.82
1,2,0,46,25.81
6,4,1,76,0.50
6,3,0,35,22.83
3,6,0,4,39.23
4,7,0,29,27.18
2,1,0,32,32.03
1,5,0,25,31.19
4,1,0,22,39.03
1,6,0,13,32.66
4,1,0,62,20.91
3,6,0,16,33.93
3,2,0,25,36.93
1,2,0,76,16.48
2,10,0,52,11.00
2,2,0,60,22.70
3,10,0,70,5.42
3,3,0,15,35.84
2,6,0,72,12.04
6,2,0,48,22.16
4,4,0,37,26.53
0,1,0,78,15.54
2,7,0,77,6.37
3,10,1,57,0.50
3,4,0,65,16.91
1,10,0,51,11.06
2,9,1,7,23.43
2,10,0,17,24.85
2,1,1,77,7.48
5,9,0,12,24.53
5,8,0,55,9.10
0,6,1,14,22.28
5,5,0,65,7.90
1,6,0,74,9.69
3,3,0,50,23.66
2,7,0,1,35.76
4,3,0,13,38.54
2,5,0,53,17.82
6,6,0,70,4.02
2,3,0,1,44.37
0,1,0,55,22.68
3,9,0,71,6.89
0,3,1,0,34.39
3,5,0,75,11.94
6,6,0,26,22.74
0,9,0,39,20.07
1,3,0,7,40.92
5,9,0,35,17.22
5,6,1,0,22.89
5,4,0,29,26.30
1,7,0,54,13.93
2,6,0,20,32.67
2,6,1,24,17.82
4,8,0,62,11.30
3,5,0,54,18.51
2,2,0,56,20.62
1,8,0,79,3.26
2,8,0,27,27.14
1,3,0,59,20.07
1,1,0,13,39.52
3,1,0,75,18.10
2,10,1,51,0.85
0,8,0,30,23.03
1,9,0,0,33.67
1,2,1,37,21.13
4,5,0,6,37.35
6,3,0,16,32.92
1,3,0,4,43.35
0,3,0,16,35.79
0,3,0,38,29.34
1,2,0,72,17.12
3,7,0,22,30.68
0,3,0,25,35.00
4,3,1,40,17.77
2,2,0,15,37.64
3,6,0,33,27.22
2,8,0,67,9.46
0,1,0,60,21.98
2,1,1,69,9.55
5,9,0,21,21.08
1,9,1,18,19.17
6,10,0,72,0.50
0,9,0,24,26.36
1,8,0,28,26.08
5,3,0,3,36.53
5,6,0,28,22.25
1,5,0,67,13.69
6,1,1,23,22.42
1,3,0,18,34.32
0,6,0,34,26.23
5,5,1,37,12.47
1,3,0,78,11.21
5,3,0,62,14.23
1,8,0,76,4.29
5,8,0,9,27.06
5,3,0,1,37.87
1,3,0,50,25.17
1,8,0,36,22.62
5,4,0,51,17.11
3,2,0,13,41.49
5,4,0,18,27.94
1,6,0,79,7.28
0,5,0,12,34.84
4,4,0,56,17.83
1,6,0,55,17.79
2,3,0,17,34.73
1,5,0,27,28.07
6,5,0,29,23.76
3,8,0,37,19.64
3,10,0,76,2.48
1,2,0,44,26.23
4,1,0,0,46.62
3,4,0,79,10.11
5,10,0,40,13.85
3,1,0,55,25.79
4,1,0,79,14.80
6,10,0,7,23.52
0,5,0,44,23.34
5,4,0,50,15.80
6,10,0,27,16.46
6,7,0,50,13.88
6,8,0,41,15.29
2,9,1,79,0.50
4,7,0,33,24.17
2,9,0,26,22.46
2,1,0,64,21.30
4,3,0,51,21.23
3,1,1,43,19.48
5,6,0,70,6.54
0,5,0,28,31.10
6,9,0,57,5.66
2,3,0,47,25.65
3,6,0,71,10.73
1,6,0,30,26.01
2,1,0,68,19.81
0,6,0,28,28.54
2,1,0,55,24.53
6,7,0,54,9.14
1,7,0,33,22.68
1,4,0,60,18.04
6,8,0,10,27.56
6,10,0,65,0.50
1,7,0,30,24.28
1,1,0,23,38.32
2,4,0,46,25.28
6,2,0,20,30.50
2,8,0,55,15.71
5,9,0,62,4.96
2,6,0,20,31.22
3,3,0,47,24.50
0,10,0,61,8.40
2,6,1,56,7.30
0,8,0,28,26.41
4,3,0,74,13.31
3,1,0,62,20.84
6,5,0,37,21.16
1,7,0,51,16.47
3,6,0,15,31.47
4,10,0,25,21.70
1,9,0,59,12.41
3,1,0,60,21.14
1,6,0,57,14.89
4,6,0,42,23.64
4,4,0,47,23.32
3,6,0,68,11.51
0,1,0,6,42.16
0,5,1,5,28.99
3,4,0,66,14.50
3,9,0,58,12.68
6,8,0,20,21.27
5,4,0,46,17.78
2,9,0,43,15.74
4,5,0,79,7.29
0,2,0,18,36.44
6,7,0,76,0.92
5,1,0,43,22.35
1,5,0,78,7.92
6,2,0,41,24.01
3,1,0,30,36.44
0,4,0,19,34.06
1,10,1,65,0.50
2,2,1,53,12.52
4,7,0,8,34.81
5,7,0,57,10.08
3,1,0,22,38.90
3,1,0,73,16.87
6,5,0,35,20.49
0,7,0,8,33.25
5,8,0,50,11.55
2,8,0,56,13.69
5,1,0,1,42.43
0,4,0,45,23.33
0,10,0,58,8.25
2,5,0,79,7.25
3,2,0,61,21.72
3,9,0,58,10.59
2,4,0,41,26.73
5,6,0,51,12.86
0,1,0,18,38.57
0,3,0,51,24.18
1,3,0,37,29.89
4,3,0,59,19.97
2,8,0,5,33.53
2,5,0,49,21.90
1,10,0,15,25.08
5,10,0,23,17.49
1,10,0,31,18.98
3,1,0,66,21.21
6,3,0,72,8.95
1,10,0,75,2.09
4,5,0,18,32.96
1,1,0,63,19.56
4,2,0,61,20.50
3,2,0,29,35.09
3,1,0,38,31.89
2,2,0,52,23.98
1,8,0,4,34.03
1,2,0,39,28.76
5,2,0,30,27.52
4,10,0,34,17.59
0,10,0,62,7.58
1,7,0,55,14.38
6,8,0,56,9.29
1,5,0,32,29.70
5,10,0,46,8.78
3,10,0,70,6.73
4,5,0,41,22.48
6,5,0,60,11.52
0,7,0,47,19.40
4,5,0,10,36.98
3,10,0,67,7.05
1,10,0,61,9.63
2,8,0,6,33.12
2,5,0,67,13.31
4,3,0,49,23.89
5,2,1,56,6.65
3,1,0,34,32.19
2,9,0,28,23.22
3,2,0,33,30.73
1,5,0,48,21.29
3,5,1,65,2.81
2,5,0,47,21.90
5,2,0,13,34.68
6,5,0,19,29.34
6,9,0,29,16.59
2,10,0,29,20.45
1,10,0,20,24.81
4,10,0,67,4.52
4,3,0,30,31.49
6,2,1,7,25.37
5,7,0,28,22.26
2,10,0,27,23.96
2,10,0,17,26.53
5,2,0,39,22.48
0,2,0,36,32.12
0,6,0,21,28.72
4,9,0,22,23.92
1,9,0,33,19.38
5,2,0,79,7.44
2,4,0,36,26.22
5,8,0,62,7.17
5,1,0,4,41.62
2,2,1,78,3.70
1,5,0,20,30.76
6,2,0,49,20.17
6,2,0,74,9.87
4,4,0,64,14.85
3,1,0,63,20.01
0,7,0,43,22.19
3,1,0,71,18.83
4,2,0,23,36.72
6,8,0,53,9.47
1,8,0,76,5.63
1,3,0,13,38.26
6,9,0,4,26.65
6,2,0,20,32.54
5,4,0,22,26.88
2,8,0,77,7.05
5,6,0,79,1.09
1,2,0,32,30.39
1,9,0,56,11.78
4,3,0,53,23.34
6,7,0,62,6.12
0,10,0,58,9.31
1,7,0,38,21.65
5,7,0,38,17.42
0,4,0,68,14.38
1,1,0,58,22.22
5,10,0,25,19.77
1,8,1,38,10.38
4,6,0,50,18.11
3,6,0,49,18.72
1,9,0,25,23.49
1,1,0,45,30.07
5,4,0,59,14.54
2,5,0,52,20.88
3,2,0,47,24.59
6,8,0,44,12.87
1,9,0,44,18.59
1,1,0,17,38.70
2,4,0,38,26.74
1,7,1,23,18.76
0,10,0,68,5.74
4,7,0,71,9.53
4,2,0,32,31.44
5,5,0,78,3.84
2,5,0,10,35.19
6,10,0,78,0.50
0,5,0,18,33.31
4,8,1,29,15.87
6,10,0,38,14.45
1,3,0,48,22.86
0,1,0,30,36.39
0,6,0,13,32.03
6,4,0,60,11.68
5,10,0,4,25.90
5,7,0,50,13.61
1,5,0,38,26.64
3,1,1,42,20.67
4,8,0,54,12.80
0,4,0,74,12.26
2,9,0,64,9.89
3,5,0,71,11.48
0,1,0,25,37.59
5,3,1,78,0.50
0,4,0,37,26.42
3,8,1,36,11.84
5,9,0,75,1.10
4,8,0,60,12.13
4,8,0,75,6.03
6,9,0,4,27.47
5,1,0,19,34.54
5,9,0,69,0.50
6,7,0,25,23.98
2,6,0,77,9.72
3,1,0,5,45.16
1,8,0,76,5.90
0,7,0,15,30.29
0,10,0,22,23.58
1,5,0,4,37.00
5,2,1,64,4.06
6,1,0,61,18.93
6,9,0,2,27.00
4,8,0,69,7.33
5,4,0,66,12.27
2,9,0,69,8.79
5,3,0,44,21.47
5,2,0,42,22.13
3,7,0,44,21.69
5,5,0,54,14.82
2,2,0,55,21.99
3,2,0,23,33.87
2,9,0,77,3.33
6,3,0,60,12.63
5,8,0,28,19.60
6,3,0,26,28.61
6,4,0,11,32.63
3,2,0,12,39.74
4,5,0,56,17.44
5,6,0,38,17.74
6,6,0,21,25.78
0,2,1,60,9.32
6,6,1,21,13.71
1,2,0,38,31.33
3,10,1,54,0.50
2,6,1,56,8.07
0,7,0,10,31.59
1,4,0,60,17.41
4,4,1,33,20.65
2,2,0,44,26.83
3,5,0,9,35.72
6,5,1,65,0.50
5,4,0,64,10.59
0,2,0,75,16.33
4,6,0,30,28.76
0,7,0,28,27.66
3,10,0,54,12.55
2,4,0,72,11.91
6,4,0,15,31.10
4,7,1,75,0.50
2,8,0,39,21.36
1,3,0,5,41.74
6,8,0,54,9.48
6,1,0,6,38.93
1,1,0,30,33.46
6,9,0,66,4.21
4,6,0,18,30.14
4,8,0,37,19.23
4,8,0,18,30.42
0,3,0,51,24.18
3,3,0,73,13.59
0,10,0,76,1.09
3,7,0,65,9.51
4,3,0,39,28.21
6,6,0,30,20.70
4,3,0,78,12.36
2,1,0,8,42.39
6,8,0,76,1.50
2,7,0,5,33.68
3,5,0,34,28.20
0,2,0,58,23.68
6,10,0,44,11.66
3,10,0,68,5.04
1,5,0,13,34.43
2,3,0,67,18.64
5,2,0,76,11.17
4,8,0,39,20.31
2,9,0,19,27.96
0,10,0,61,10.06
6,4,0,9,34.96
3,5,0,29,29.77
3,2,0,72,14.68
3,5,0,16,33.38
2,1,0,78,15.15
6,5,1,68,0.50
3,5,0,28,30.26
5,5,0,31,24.41
0,4,0,76,13.08
5,6,0,58,10.62
0,5,0,55,19.15
2,6,0,64,12.27
6,10,0,22,19.80
5,3,0,24,28.46
0,7,0,9,35.83
0,2,1,8,30.21
1,10,0,76,1.03
3,9,0,53,14.89
6,3,0,18,29.63
6,3,0,35,24.92
2,2,0,5,42.65
0,5,1,31,19.14
6,1,0,64,15.32
0,3,0,74,13.21
4,1,0,16,40.15
2,3,0,66,15.94
0,3,0,53,22.51
5,6,0,30,20.22
3,2,0,48,27.27
2,2,0,6,41.25
3,6,0,63,12.05
0,4,0,39,25.61
6,3,0,29,27.13
3,8,0,17,28.20
6,10,0,43,11.05
1,9,0,54,14.07
4,4,0,64,14.53
5,8,0,76,2.24
3,7,0,63,10.82
2,8,0,16,28.87
3,6,0,76,7.90
4,7,0,16,30.33
3,4,0,61,18.56
1,5,0,14,33.48
5,1,1,74,0.72
1,9,0,25,23.54
0,6,0,3,35.93
1,8,0,7,31.53
5,6,0,26,25.42
3,9,0,60,11.00
2,8,0,51,14.14
3,9,0,21,25.71
6,8,0,24,23.25
1,3,0,53,21.52
3,3,1,26,23.48
6,6,0,38,17.29
2,6,0,51,18.75
3,1,0,42,30.03
5,9,0,22,20.64
5,6,0,8,31.99
4,3,0,6,41.92
2,10,0,34,20.77
1,3,0,48,24.81
5,7,0,76,3.55
2,7,0,27,28.30
3,7,0,30,24.42
2,10,0,7,29.08
6,9,1,42,2.62
3,10,0,26,21.69
0,1,0,49,25.45
3,6,0,40,23.88
6,8,0,73,0.50
0,2,1,79,1.42
0,10,0,16,27.60
1,2,0,61,22.47
3,3,0,22,34.70
3,10,0,8,30.48
5,7,0,22,24.21
0,5,0,70,11.44
1,2,0,24,37.18
0,4,0,50,23.32
4,2,0,38,28.07
4,6,0,11,36.31
0,5,0,23,30.58
2,2,0,14,39.98
3,2,0,5,44.19
3,7,0,18,30.27
1,6,1,48,11.16
2,8,0,9,31.53
4,8,0,55,13.75
4,9,0,60,8.95
4,9,0,31,21.33
5,6,0,69,6.54
4,9,0,29,24.00
2,10,0,70,4.90
1,7,0,70,10.24
0,1,0,72,17.46
0,9,0,34,18.91
4,7,0,76,8.54
5,6,0,72,5.97
5,8,0,6,29.61
3,5,0,3,37.33
5,5,0,14,29.22
5,7,0,44,16.63
0,1,0,72,19.28
5,8,0,79,1.10
5,6,0,3,31.02
2,4,0,35,26.30
3,5,0,24,32.48
2,1,0,64,19.30
3,9,0,45,16.15
3,4,0,7,37.74
2,6,0,8,34.88
4,10,0,65,7.99
5,2,0,40,22.89
1,4,0,19,35.16
0,7,0,30,26.25
6,10,0,36,12.05
5,9,0,48,10.30
6,1,0,69,15.36
1,2,0,27,32.96
2,10,0,29,20.39
0,10,0,59,8.40
4,10,0,11,28.90
3,4,1,18,23.58
5,6,0,12,27.94
0,8,0,9,31.46
6,10,0,44,10.96
0,7,0,75,7.91
4,1,1,55,13.40
4,10,0,18,24.84
5,9,0,6,25.23
6,8,0,15,26.88
1,9,0,49,15.01
5,3,0,11,35.92
0,4,1,41,15.88
2,9,0,34,22.84
4,2,0,8,43.00
1,2,0,69,17.82
0,6,0,63,12.97
4,1,0,3,45.93
5,5,0,9,32.85
1,7,0,31,24.22
5,5,0,61,11.67
4,10,0,59,8.84
6,1,0,79,11.55
1,9,0,74,3.02
4,3,0,28,34.15
4,7,0,16,31.57
5,7,0,17,24.61
6,10,0,69,2.02
3,9,0,14,29.16
3,6,0,39,21.60
2,3,0,37,30.33
5,2,0,19,31.89
1,2,0,28,32.06
0,6,0,22,30.35
1,3,0,14,38.35
5,5,0,72,5.68
3,6,0,32,26.31
4,2,1,47,17.45
0,8,0,28,26.45
5,7,0,48,14.37
4,3,0,79,12.13
4,8,0,53,15.04
2,1,0,10,41.07
3,1,0,64,21.72
2,5,1,1,31.68
5,2,0,25,30.14
4,10,0,74,3.82
3,10,0,13,26.04
3,9,0,51,15.40
3,7,0,5,34.78
6,7,0,79,0.50
1,3,0,69,16.70
3,10,0,1,34.09
2,7,0,21,27.27
6,9,0,27,19.48
5,4,1,39,10.60
4,3,0,47,24.57
5,6,0,10,29.36
2,1,1,40,20.44
5,1,0,47,21.96
0,6,0,22,30.21
1,6,0,50,19.25
5,3,0,79,5.87
4,8,0,28,22.92
5,2,0,67,12.39
2,8,1,16,19.20
0,5,0,10,38.26
4,10,0,63,9.18
3,3,0,39,29.28
6,5,0,59,10.51
4,8,0,52,13.63
3,10,0,74,4.46
2,3,0,27,31.66
2,1,0,47,27.35
0,6,0,35,23.28
0,10,1,48,5.64
1,8,0,77,3.68
2,8,0,37,22.03
5,8,0,45,11.10
2,2,0,1,43.87
6,5,0,23,25.22
1,3,0,53,20.57
6,4,0,61,11.14
5,10,0,67,2.11
6,2,0,33,27.84
2,8,0,55,15.02
5,5,0,77,4.27
1,3,1,62,8.57
0,4,0,48,24.61
5,9,0,55,6.16
3,7,0,28,25.33
2,8,1,54,2.90
4,10,0,25,22.95
5,4,0,63,12.12
4,2,0,39,28.57
5,1,0,49,23.68
4,8,0,10,32.73
3,7,0,11,32.85
6,9,0,42,12.37
6,10,0,36,13.92
5,7,1,21,14.45
0,10,0,39,15.75
0,8,1,64,0.99
6,9,0,18,23.97
0,4,0,49,23.38
2,5,1,31,19.51
3,7,0,15,31.57
3,4,0,7,40.14
2,10,0,57,8.93
3,10,0,55,11.68
0,7,0,16,31.52
4,10,0,75,1.50
3,7,0,53,15.57
1,9,0,26,22.49
1,9,0,63,8.04
2,9,1,78,0.50
0,8,0,40,20.59
5,7,0,69,3.34
5,8,0,32,18.70
4,6,0,37,22.92
6,2,0,50,21.38
2,9,1,54,1.82
0,6,0,10,35.92
4,6,0,38,22.85
6,6,0,39,19.82
0,2,1,47,17.34
1,7,0,53,17.35
4,8,1,22,17.03
4,9,0,30,22.78
4,10,0,24,23.34
0,4,0,19,33.08
1,5,0,50,19.33
5,4,0,54,13.96
1,4,0,32,29.66
2,7,1,41,12.17
0,1,1,29,26.14
5,10,0,69,0.50
6,3,0,17,31.64
5,8,0,41,12.98
4,7,0,78,4.55
4,7,0,67,11.17
2,9,1,33,11.81
3,9,0,38,20.06
0,8,0,66,9.36
